w,mag_db,phase_deg
1.000000000000000056e-01,3.996830860719823875e+01,-9.471037535293930887e+01
1.010052636646537882e-01,3.988079224409752754e+01,-9.475739202660005844e+01
1.020206328796623013e-01,3.979326319277890889e+01,-9.480487122964755997e+01
1.030462092324513773e-01,3.970572120362893997e+01,-9.485281730842046954e+01
1.040820953316683312e-01,3.961816602226210904e+01,-9.490123464395024655e+01
1.051283948174479010e-01,3.953059738943529311e+01,-9.495012765204768357e+01
1.061852123717814816e-01,3.944301504096078759e+01,-9.499950078338311243e+01
1.072526537289904547e-01,3.935541870761806393e+01,-9.504935852355987436e+01
1.083308256863049490e-01,3.926780811506426261e+01,-9.509970539318061356e+01
1.094198361145487935e-01,3.918018298374325070e+01,-9.515054594790629494e+01
1.105197939689320785e-01,3.909254302879342191e+01,-9.520188477850780373e+01
1.116308092999519774e-01,3.900488795995408253e+01,-9.525372651090935960e+01
1.127529932644033561e-01,3.891721748147051585e+01,-9.530607580622398700e+01
1.138864581364999323e-01,3.882953129199768938e+01,-9.535893736078043048e+01
1.150313173191073179e-01,3.874182908450251261e+01,-9.541231590614118829e+01
1.161876853550889016e-01,3.865411054616484421e+01,-9.546621620911159312e+01
1.173556779387658761e-01,3.856637535827699992e+01,-9.552064307173928626e+01
1.185354119274924095e-01,3.847862319614189630e+01,-9.557560133130392899e+01
1.197270053533471823e-01,3.839085372896987280e+01,-9.563109586029686682e+01
1.209305774349424684e-01,3.830306661977403593e+01,-9.568713156639024930e+01
1.221462485893519551e-01,3.821526152526422493e+01,-9.574371339239523593e+01
1.233741404441583978e-01,3.812743809573959908e+01,-9.580084631620904645e+01
1.246143758496224552e-01,3.803959597497983225e+01,-9.585853535075047205e+01
1.258670788909738159e-01,3.795173480013486511e+01,-9.591678554388317934e+01
1.271323749008258785e-01,3.786385420161329307e+01,-9.597560197832679307e+01
1.284103904717153188e-01,3.777595380296935446e+01,-9.603498977155513217e+01
1.297012534687675134e-01,3.768803322078852602e+01,-9.609495407568113023e+01
1.310050930424895566e-01,3.760009206457173292e+01,-9.615550007732826998e+01
1.323220396416915912e-01,3.751212993661819439e+01,-9.621663299748767884e+01
1.336522250265383127e-01,3.742414643190686263e+01,-9.627835809136095691e+01
1.349957822817313968e-01,3.733614113797650447e+01,-9.634068064818774246e+01
1.363528458298247925e-01,3.724811363480450410e+01,-9.640360599105798656e+01
1.377235514446733811e-01,3.716006349468423053e+01,-9.646713947670822620e+01
1.391080362650174984e-01,3.707199028210111180e+01,-9.653128649530138716e+01
1.405064388082030991e-01,3.698389355360742314e+01,-9.659605247018961904e+01
1.419188989840410031e-01,3.689577285769578907e+01,-9.666144285765987831e+01
1.433455581088042274e-01,3.680762773467132831e+01,-9.672746314666119360e+01
1.447865589193672586e-01,3.671945771652264767e+01,-9.679411885851388320e+01
1.462420455874861580e-01,3.663126232679157823e+01,-9.686141554659933206e+01
1.477121637342236338e-01,3.654304108044163968e+01,-9.692935879603037108e+01
1.491970604445176374e-01,3.645479348372542461e+01,-9.699795422330151951e+01
1.506968842818979804e-01,3.636651903405074648e+01,-9.706720747591849374e+01
1.522117853033492507e-01,3.627821721984577863e+01,-9.713712423200634305e+01
1.537419150743246643e-01,3.618988752042297108e+01,-9.720771019989575734e+01
1.552874266839097128e-01,3.610152940584205794e+01,-9.727897111768693605e+01
1.568484747601389673e-01,3.601314233677194210e+01,-9.735091275279013701e+01
1.584252154854662864e-01,3.592472576435172726e+01,-9.742354090144276313e+01
1.600178066123911502e-01,3.583627913005074817e+01,-9.749686138820193548e+01
1.616264074792414795e-01,3.574780186552775518e+01,-9.757088006541201253e+01
1.632511790261155782e-01,3.565929339248928187e+01,-9.764560281264657249e+01
1.648922838109840028e-01,3.557075312254728772e+01,-9.772103553612404880e+01
1.665498860259536362e-01,3.548218045707598378e+01,-9.779718416809626547e+01
1.682241515136948251e-01,3.539357478706818227e+01,-9.787405466620944594e+01
1.699152477840341346e-01,3.530493549299087874e+01,-9.795165301283672932e+01
1.716233440307134706e-01,3.521626194464045767e+01,-9.802998521438175317e+01
1.733486111483180103e-01,3.512755350099740781e+01,-9.810905730055236518e+01
1.750912217493740264e-01,3.503880951008067512e+01,-9.818887532360386672e+01
1.768513501816188771e-01,3.495002930880174574e+01,-9.826944535755116306e+01
1.786291725454443313e-01,3.486121222281851573e+01,-9.835077349734876861e+01
1.804248667115153915e-01,3.477235756638904007e+01,-9.843286585803839728e+01
1.822386123385662804e-01,3.468346464222533143e+01,-9.851572857386290138e+01
1.840705908913751465e-01,3.459453274134715173e+01,-9.859936779734626100e+01
1.859209856589196797e-01,3.450556114293605248e+01,-9.868378969833851500e+01
1.877899817727149701e-01,3.441654911418969220e+01,-9.876900046302507974e+01
1.896777662253360253e-01,3.432749591017655888e+01,-9.885500629289965957e+01
1.915845278891262771e-01,3.423840077369121815e+01,-9.894181340369991062e+01
1.935104575350941880e-01,3.414926293511022237e+01,-9.902942802430514746e+01
1.954557478519997615e-01,3.406008161224877284e+01,-9.911785639559541039e+01
1.974205934656332595e-01,3.397085601021833412e+01,-9.920710476927084187e+01
1.994051909582871263e-01,3.388158532128529288e+01,-9.929717940663103093e+01
2.014097388884242834e-01,3.379226872473077492e+01,-9.938808657731311769e+01
2.034344378105436835e-01,3.370290538671194014e+01,-9.947983255798817481e+01
2.054794902952457869e-01,3.361349446012462749e+01,-9.957242363101498484e+01
2.075451009494996835e-01,3.352403508446782610e+01,-9.966586608305055961e+01
2.096314764371140227e-01,3.343452638570995106e+01,-9.976016620361650666e+01
2.117388254994135854e-01,3.334496747615713730e+01,-9.985533028362047503e+01
2.138673589761238836e-01,3.325535745432381418e+01,-9.995136461383226845e+01
2.160172898264655361e-01,3.316569540480563205e+01,-1.000482754833134038e+02
2.181888331504608647e-01,3.307598039815508173e+01,-1.001460691777997880e+02
2.203822062104545121e-01,3.298621149075990644e+01,-1.002447519780365326e+02
2.225976284528505822e-01,3.289638772472454775e+01,-1.003443301580645795e+02
2.248353215300681329e-01,3.280650812775493819e+01,-1.004448099834579011e+02
2.270955093227174648e-01,3.271657171304671863e+01,-1.005461977095111763e+02
2.293784179619991481e-01,3.262657747917725715e+01,-1.006484995793769457e+02
2.316842758523288692e-01,3.253652441000166817e+01,-1.007517218221518078e+02
2.340133136941885406e-01,3.244641147455308072e+01,-1.008558706509108873e+02
2.363657645072085589e-01,3.235623762694739014e+01,-1.009609522606901919e+02
2.387418636534806016e-01,3.226600180629290548e+01,-1.010669728264162472e+02
2.411418488611063726e-01,3.217570293660502045e+01,-1.011739385007822989e+02
2.435659602479813557e-01,3.208533992672626312e+01,-1.012818554120710388e+02
2.460144403458194573e-01,3.199491167025202643e+01,-1.013907296619229896e+02
2.484875341244172919e-01,3.190441704546236679e+01,-1.015005673230502765e+02
2.509854890161642982e-01,3.181385491526000919e+01,-1.016113744368955167e+02
2.535085549407973815e-01,3.172322412711508477e+01,-1.017231570112353722e+02
2.560569843304061344e-01,3.163252351301679255e+01,-1.018359210177286087e+02
2.586310321546878566e-01,3.154175188943248997e+01,-1.019496723894082351e+02
2.612309559464580655e-01,3.145090805727434713e+01,-1.020644170181177799e+02
2.638570158274154975e-01,3.135999080187420773e+01,-1.021801607518913926e+02
2.665094745341683447e-01,3.126899889296677770e+01,-1.022969093922778114e+02
2.691885974445200058e-01,3.117793108468173813e+01,-1.024146686916081990e+02
2.718946526040210143e-01,3.108678611554500648e+01,-1.025334443502077733e+02
2.746279107527858088e-01,3.099556270848971096e+01,-1.026532420135515338e+02
2.773886453525814533e-01,3.090425957087713726e+01,-1.027740672693642949e+02
2.801771326141861973e-01,3.081287539452826252e+01,-1.028959256446649704e+02
2.829936515250255358e-01,3.072140885576607161e+01,-1.030188226027560745e+02
2.858384838770835490e-01,3.062985861546937727e+01,-1.031427635401582563e+02
2.887119142950971828e-01,3.053822331913832500e+01,-1.032677537834908179e+02
2.916142302650320817e-01,3.044650159697227210e+01,-1.033937985862986721e+02
2.945457221628463573e-01,3.035469206396034281e+01,-1.035209031258265924e+02
2.975066832835414621e-01,3.026279331998530253e+01,-1.036490724997413366e+02
3.004974098705076035e-01,3.017080394994101766e+01,-1.037783117228028118e+02
3.035182011451615369e-01,3.007872252386428968e+01,-1.039086257234853292e+02
3.065693593368846726e-01,2.998654759708124828e+01,-1.040400193405498044e+02
3.096511897132602775e-01,2.989427771036910286e+01,-1.041724973195686204e+02
3.127640006106158777e-01,2.980191139013356860e+01,-1.043060643094041353e+02
3.159081034648719144e-01,2.970944714860256397e+01,-1.044407248586427386e+02
3.190838128427011533e-01,2.961688348403676230e+01,-1.045764834119857341e+02
3.222914464730007311e-01,2.952421888095744151e+01,-1.047133443065991401e+02
3.255313252786809497e-01,2.943145181039221825e+01,-1.048513117684243809e+02
3.288037734087734254e-01,2.933858073013921341e+01,-1.049903899084516041e+02
3.321091182708624245e-01,2.924560408505020348e+01,-1.051305827189581947e+02
3.354476905638414386e-01,2.915252030733329747e+01,-1.052718940697149890e+02
3.388198243109999952e-01,2.905932781687567612e+01,-1.054143277041621616e+02
3.422258568934423151e-01,2.896602502158699366e+01,-1.055578872355583258e+02
3.456661290838421441e-01,2.887261031776399989e+01,-1.057025761431049347e+02
3.491409850805372583e-01,2.877908209047685872e+01,-1.058483977680498924e+02
3.526507725419661954e-01,2.868543871397783818e+01,-1.059953553097727621e+02
3.561958426214514306e-01,2.859167855213285492e+01,-1.061434518218557628e+02
3.597765500023322738e-01,2.849779995887638506e+01,-1.062926902081436964e+02
3.633932529334507056e-01,2.840380127869045168e+01,-1.064430732187969255e+02
3.670463132649940952e-01,2.830968084710803367e+01,-1.065946034463411820e+02
3.707360964846984075e-01,2.821543699124155324e+01,-1.067472833217186263e+02
3.744629717544148417e-01,2.812106803033694646e+01,-1.069011151103444064e+02
3.782273119470447864e-01,2.802657227635383919e+01,-1.070561009081735904e+02
3.820294936838451449e-01,2.793194803457232211e+01,-1.072122426377830067e+02
3.858698973721096381e-01,2.783719360422684019e+01,-1.073695420444732207e+02
3.897489072432283042e-01,2.774230727916767592e+01,-1.075280006923961054e+02
3.936669113911296924e-01,2.764728734855050618e+01,-1.076876199607129081e+02
3.976243018111095262e-01,2.755213209755447679e+01,-1.078484010397893087e+02
4.016214744390499414e-01,2.745683980812925995e+01,-1.080103449274326408e+02
4.056588291910324662e-01,2.736140875977147147e+01,-1.081734524251779703e+02
4.097367700033499038e-01,2.726583723033085604e+01,-1.083377241346291697e+02
4.138557048729196164e-01,2.717012349684669914e+01,-1.085031604538615113e+02
4.180160458981039273e-01,2.707426583641467133e+01,-1.086697615738928135e+02
4.222182093199400299e-01,2.697826252708452799e+01,-1.088375274752299759e+02
4.264626155637852301e-01,2.688211184878898052e+01,-1.090064579244982497e+02
4.307496892813801326e-01,2.678581208430388827e+01,-1.091765524711607043e+02
4.350798593933349334e-01,2.668936152024019037e+01,-1.093478104443355932e+02
4.394535591320429258e-01,2.659275844806757405e+01,-1.095202309497194193e+02
4.438712260850252167e-01,2.649600116517019188e+01,-1.096938128666239578e+02
4.483333022387112066e-01,2.639908797593447787e+01,-1.098685548451354066e+02
4.528402340226594380e-01,2.630201719286925055e+01,-1.100444553034042769e+02
4.573924723542223680e-01,2.620478713775796464e+01,-1.102215124250746072e+02
4.619904726836610021e-01,2.610739614284330656e+01,-1.103997241568615379e+02
4.666346950397121107e-01,2.600984255204399176e+01,-1.105790882062860589e+02
4.713256040756143572e-01,2.591212472220365726e+01,-1.107596020395764640e+02
4.760636691155964439e-01,2.581424102437173573e+01,-1.109412628797456932e+02
4.808493642018331626e-01,2.571618984511614059e+01,-1.111240677048540988e+02
4.856831681418729563e-01,2.561796958786745648e+01,-1.113080132464673966e+02
4.905655645565425438e-01,2.551957867429436533e+01,-1.114930959883196095e+02
4.954970419283331595e-01,2.542101554570988498e+01,-1.116793121651908365e+02
5.004780936502731814e-01,2.532227866450812215e+01,-1.118666577620099218e+02
5.055092180752913666e-01,2.522336651563087528e+01,-1.120551285131920451e+02
5.105909185660777450e-01,2.512427760806371424e+01,-1.122447199022216466e+02
5.157237035454445007e-01,2.502501047636072684e+01,-1.124354271614905230e+02
5.209080865471936717e-01,2.492556368219746687e+01,-1.126272452724018507e+02
5.261445862674958285e-01,2.482593581595114074e+01,-1.128201689657499003e+02
5.314337266167860063e-01,2.472612549830733997e+01,-1.130141927223861558e+02
5.367760367721801096e-01,2.462613138189239947e+01,-1.132093107741819011e+02
5.421720512304194495e-01,2.452595215293031927e+01,-1.134055171052975481e+02
5.476223098613469675e-01,2.442558653292338278e+01,-1.136028054537688945e+02
5.531273579619209180e-01,2.432503328035517143e+01,-1.138011693134204307e+02
5.586877463107715602e-01,2.422429119241488138e+01,-1.140006019361154301e+02
5.643040312233068567e-01,2.412335910674165262e+01,-1.142010963343532097e+02
5.699767746073712837e-01,2.402223590318755342e+01,-1.144026452842226576e+02
5.757065440194648609e-01,2.392092050559781313e+01,-1.146052413287219878e+02
5.814939127215265069e-01,2.381941188360670125e+01,-1.148088767814536766e+02
5.873394597382896043e-01,2.371770905444765276e+01,-1.150135437307041855e+02
5.932437699152125488e-01,2.361581108477581381e+01,-1.152192340439166003e+02
5.992074339769924984e-01,2.351371709250132724e+01,-1.154259393725654377e+02
6.052310485866675416e-01,2.341142624863156385e+01,-1.156336511574412640e+02
6.113152164053123894e-01,2.330893777912041287e+01,-1.158423606343533976e+02
6.174605461523345884e-01,2.320625096672256404e+01,-1.160520588402581978e+02
6.236676526663769149e-01,2.310336515285094094e+01,-1.162627366198195205e+02
6.299371569668311688e-01,2.300027973943493365e+01,-1.164743846324092118e+02
6.362696863159718053e-01,2.289699419077749809e+01,-1.166869933595523747e+02
6.426658742817128456e-01,2.279350803540863524e+01,-1.169005531128245394e+02
6.491263608009965047e-01,2.268982086793314679e+01,-1.171150540422051165e+02
6.556517922438184209e-01,2.258593235087012374e+01,-1.173304861448923049e+02
6.622428214778968147e-01,2.248184221648184433e+01,-1.175468392745833057e+02
6.689001079339921274e-01,2.237755026858953755e+01,-1.177641031512238214e+02
6.756243176718824683e-01,2.227305638437345436e+01,-1.179822673712292271e+02
6.824161234470029758e-01,2.216836051615466729e+01,-1.182013214181803562e+02
6.892762047777546419e-01,2.206346269315596231e+01,-1.184212546739949943e+02
6.962052480134900412e-01,2.195836302323910871e+01,-1.186420564305764316e+02
7.032039464031824005e-01,2.185306169461577852e+01,-1.188637159019389884e+02
7.102730001647851177e-01,2.174755897752941891e+01,-1.190862222368103858e+02
7.174131165552880551e-01,2.164185522590518929e+01,-1.193095645317094267e+02
7.246250099414787149e-01,2.153595087896522386e+01,-1.195337318444970265e+02
7.319094018714141781e-01,2.142984646280635275e+01,-1.197587132083980350e+02
7.392670211466124686e-01,2.132354259193750323e+01,-1.199844976464897854e+02
7.466986038949677829e-01,2.121703997077380777e+01,-1.202110741866533914e+02
7.542048936444009088e-01,2.111033939508469359e+01,-1.204384318769822784e+02
7.617866413972488315e-01,2.100344175339301600e+01,-1.206665598016420233e+02
7.694446057054018517e-01,2.089634802832247118e+01,-1.208954470971742836e+02
7.771795527461967668e-01,2.078905929789041451e+01,-1.211250829692373969e+02
7.849922563990731073e-01,2.068157673674328123e+01,-1.213554567097746286e+02
7.928834983229988698e-01,2.057390161733192357e+01,-1.215865577146007865e+02
8.008540680346758478e-01,2.046603531102402584e+01,-1.218183755013969574e+02
8.089047629875301126e-01,2.035797928915100030e+01,-1.220508997281014985e+02
8.170363886514976359e-01,2.024973512398668873e+01,-1.222841202116860728e+02
8.252497585936106050e-01,2.014130448965528331e+01,-1.225180269473031416e+02
8.335456945593952005e-01,2.003268916296596558e+01,-1.227526101277914705e+02
8.419250265550868306e-01,1.992389102417185853e+01,-1.229878601635248998e+02
8.503885929306719271e-01,1.981491205765081887e+01,-1.232237677025892850e+02
8.589372404637645175e-01,1.970575435250592022e+01,-1.234603236512710538e+02
8.675718244443266780e-01,1.959642010308332161e+01,-1.236975191948406803e+02
8.762932087602394171e-01,1.948691160940549949e+01,-1.239353458186134134e+02
8.851022659837348705e-01,1.937723127751782926e+01,-1.241737953292688132e+02
8.939998774586966901e-01,1.926738161974660812e+01,-1.244128598764098683e+02
9.029869333888382865e-01,1.915736525486680364e+01,-1.246525319743422529e+02
9.120643329267678068e-01,1.904718490817785437e+01,-1.248928045240532185e+02
9.212329842639475075e-01,1.893684341148600936e+01,-1.251336708353687754e+02
9.304938047215587371e-01,1.882634370299182436e+01,-1.253751246492685567e+02
9.398477208422792994e-01,1.871568882708155357e+01,-1.256171601603352599e+02
9.492956684829835234e-01,1.860488193402141022e+01,-1.258597720393170505e+02
9.588385929083752535e-01,1.849392627955359814e+01,-1.261029554557794654e+02
9.684774488855607544e-01,1.838282522439349620e+01,-1.263467061008236669e+02
9.782132007795731887e-01,1.827158223362713230e+01,-1.265910202098474997e+02
9.880468226498571038e-01,1.816020087600868393e+01,-1.268358945853252067e+02
9.979792983477223656e-01,1.804868482315751166e+01,-1.270813266195818301e+02
1.008011621614778530e+00,1.793703784865463291e+01,-1.273273143175377839e+02
1.018144796182359535e+00,1.782526382703863277e+01,-1.275738563193992690e+02
1.028379835871943815e+00,1.771336673270122475e+01,-1.278209519232698455e+02
1.038717764696591050e+00,1.760135063868271743e+01,-1.280686011076586510e+02
1.049159616963389663e+00,1.748921971536802644e+01,-1.283168045538606350e+02
1.059706437376943589e+00,1.737697822908382150e+01,-1.285655636681846090e+02
1.070359281143890895e+00,1.726463054059776425e+01,-1.288148806040044576e+02
1.081119214078480217e+00,1.715218110352078895e+01,-1.290647582836097058e+02
1.091987312709201463e+00,1.703963446261374415e+01,-1.293152004198315979e+02
1.102964664386496763e+00,1.692699525199964228e+01,-1.295662115374211112e+02
1.114052367391544340e+00,1.681426819328326872e+01,-1.298177969941558274e+02
1.125251531046147280e+00,1.670145809357963529e+01,-1.300699630016530932e+02
1.136563275823714303e+00,1.658856984345340635e+01,-1.303227166458672457e+02
1.147988733461369204e+00,1.647560841477113058e+01,-1.305760659072495287e+02
1.159529047073175168e+00,1.636257885846871929e+01,-1.308300196805491851e+02
1.171185371264508390e+00,1.624948630223625301e+01,-1.310845877942364268e+02
1.182958872247570792e+00,1.613633594812299421e+01,-1.313397810295264208e+02
1.194850727958074010e+00,1.602313307006486909e+01,-1.315956111389868113e+02
1.206862128173087578e+00,1.590988301133762484e+01,-1.318520908647099930e+02
1.218994274630079255e+00,1.579659118193823630e+01,-1.321092339560333642e+02
1.231248381147145077e+00,1.568326305589795133e+01,-1.323670551867915890e+02
1.243625673744455762e+00,1.556990416852992887e+01,-1.326255703720854626e+02
1.256127390766914154e+00,1.545652011361495326e+01,-1.328847963845534821e+02
1.268754783008058107e+00,1.534311654052851637e+01,-1.331447511701332189e+02
1.281509113835194613e+00,1.522969915131292851e+01,-1.334054537633001303e+02
1.294391659315806908e+00,1.511627369769793283e+01,-1.336669243017739461e+02
1.307403708345218352e+00,1.500284597807366715e+01,-1.339291840406818324e+02
1.320546562775548605e+00,1.488942183441965561e+01,-1.341922553661715654e+02
1.333821537545966107e+00,1.477600714919373459e+01,-1.344561618084663337e+02
1.347229960814241734e+00,1.466260784218485469e+01,-1.347209280543561363e+02
1.360773174089637161e+00,1.454922986733364176e+01,-1.349865799591213715e+02
1.374452532367115953e+00,1.443587920952484893e+01,-1.352531445578852356e+02
1.388269404262916673e+00,1.432256188135558617e+01,-1.355206500763936788e+02
1.402225172151476906e+00,1.420928391988358364e+01,-1.357891259412220961e+02
1.416321232303745070e+00,1.409605138335938790e+01,-1.360586027894104575e+02
1.430558995026871116e+00,1.398287034794669026e+01,-1.363291124775290939e+02
1.444939884805312991e+00,1.386974690443480540e+01,-1.366006880901792897e+02
1.459465340443350634e+00,1.375668715494742145e+01,-1.368733639479338819e+02
1.474136815209043716e+00,1.364369720965150989e+01,-1.371471756147252279e+02
1.488955776979624446e+00,1.353078318347060538e+01,-1.374221599046885274e+02
1.503923708388364311e+00,1.341795119280613058e+01,-1.376983548884703339e+02
1.519042106972906092e+00,1.330520735227091933e+01,-1.379757998990140209e+02
1.534312485325096231e+00,1.319255777143850139e+01,-1.382545355368341689e+02
1.549736371242315558e+00,1.308000855161206033e+01,-1.385346036747947664e+02
1.565315307880339013e+00,1.296756578261657467e+01,-1.388160474624064875e+02
1.581050853907723264e+00,1.285523553961778376e+01,-1.390989113296600124e+02
1.596944583661756401e+00,1.274302387997126473e+01,-1.393832409904144072e+02
1.612998087305964390e+00,1.263093684010506834e+01,-1.396690834453593766e+02
1.629212970989212250e+00,1.251898043243893532e+01,-1.399564869845738428e+02
1.645590857006392627e+00,1.240716064234321614e+01,-1.402455011897022530e+02
1.662133383960743283e+00,1.229548342514023673e+01,-1.405361769357732555e+02
1.678842206927780634e+00,1.218395470315098805e+01,-1.408285663926855307e+02
1.695718997620897728e+00,1.207258036278940594e+01,-1.411227230263872912e+02
1.712765444558611572e+00,1.196136625170684198e+01,-1.414187015997769947e+02
1.729983253233505547e+00,1.185031817598862069e+01,-1.417165581733544002e+02
1.747374146282857144e+00,1.173944189740483246e+01,-1.420163501056511848e+02
1.764939863660993424e+00,1.162874313071687737e+01,-1.423181360534732676e+02
1.782682162813366888e+00,1.151822754104142099e+01,-1.426219759719861031e+02
1.800602818852394371e+00,1.140790074127289877e+01,-1.429279311146763405e+02
1.818703624735048985e+00,1.129776828956570256e+01,-1.432360640332245509e+02
1.836986391442252176e+00,1.118783568687664598e+01,-1.435464385773231015e+02
1.855452948160055460e+00,1.107810837456842989e+01,-1.438591198944761800e+02
1.874105142462656470e+00,1.096859173207411509e+01,-1.441741744298180663e+02
1.892944840497241099e+00,1.085929107462276377e+01,-1.444916699259876509e+02
1.911973927170698806e+00,1.075021165102572240e+01,-1.448116754230973982e+02
1.931194306338199551e+00,1.064135864152313005e+01,-1.451342612588354939e+02
1.950607900993680532e+00,1.053273715568949243e+01,-1.454594990687417635e+02
1.970216653462235401e+00,1.042435223039730374e+01,-1.457874617866962694e+02
1.990022525594449698e+00,1.031620882783691862e+01,-1.461182236456623116e+02
2.010027498962675629e+00,1.020831183359105765e+01,-1.464518601787245586e+02
2.030233575059297468e+00,1.010066605476138335e+01,-1.467884482204642893e+02
2.050642775496969605e+00,9.993276218144938383e+00,-1.471280659087129834e+02
2.071257142210888968e+00,9.886146968457122597e+00,-1.474707926867273216e+02
2.092078737663080723e+00,9.779282866598318691e+00,-1.478167093058272599e+02
2.113109645048755869e+00,9.672688387960109324e+00,-1.481658978285402384e+02
2.134351968504724972e+00,9.566367920767385513e+00,-1.485184416322939569e+02
2.155807833319926647e+00,9.460325764451614106e+00,-1.488744254137005214e+02
2.177479386148051255e+00,9.354566128050677776e+00,-1.492339351934743661e+02
2.199368795222324646e+00,9.249093128629832350e+00,-1.495970583220270100e+02
2.221478250572427537e+00,9.143910789718280085e+00,-1.499638834857800305e+02
2.243809964243619337e+00,9.039023039755123889e+00,-1.503345007142397094e+02
2.266366170518041123e+00,8.934433710538316475e+00,-1.507090013878735135e+02
2.289149126138264823e+00,8.830146535669449293e+00,-1.510874782468314663e+02
2.312161110533072161e+00,8.726165148987064413e+00,-1.514700254005515774e+02
2.335404426045517123e+00,8.622493082980470902e+00,-1.518567383382910521e+02
2.358881398163268361e+00,8.519133767175695482e+00,-1.522477139406221909e+02
2.382594375751281301e+00,8.416090526484579115e+00,-1.526430504919319162e+02
2.406545731286793277e+00,8.313366579507677656e+00,-1.530428476939630968e+02
2.430737861096696761e+00,8.210965036780796922e+00,-1.534472066804350732e+02
2.455173185597283592e+00,8.108888898954852209e+00,-1.538562300327786829e+02
2.479854149536416585e+00,8.007141054897736865e+00,-1.542700217970216841e+02
2.504783222238116114e+00,7.905724279706625168e+00,-1.546886875018570038e+02
2.529962897849619363e+00,7.804641232618364732e+00,-1.551123341779271811e+02
2.555395695590924277e+00,7.703894454804939507e+00,-1.555410703783548172e+02
2.581084160006826167e+00,7.603486367040605209e+00,-1.559750062005479379e+02
2.607030861221510065e+00,7.503419267226128397e+00,-1.564142533093077247e+02
2.633238395195679704e+00,7.403695327755474231e+00,-1.568589249612632841e+02
2.659709383986295084e+00,7.304316592708948619e+00,-1.573091360306557931e+02
2.686446476008895523e+00,7.205284974856565938e+00,-1.577650030364927716e+02
2.713452346302585916e+00,7.106602252454202961e+00,-1.582266441710897027e+02
2.740729696797660431e+00,7.008270065814651062e+00,-1.586941793300132133e+02
2.768281256585944039e+00,6.910289913634487746e+00,-1.591677301434377227e+02
2.796109782193823001e+00,6.812663149057135215e+00,-1.596474200089223530e+02
2.824218057858048248e+00,6.715390975451265732e+00,-1.601333741256131873e+02
2.852608895804285449e+00,6.618474441883018144e+00,-1.606257195298690306e+02
2.881285136528488167e+00,6.521914438259287294e+00,-1.611245851323070326e+02
2.910249649081078527e+00,6.425711690118522945e+00,-1.616301017562568916e+02
2.939505331354006046e+00,6.329866753044176342e+00,-1.621424021776089148e+02
2.969055110370667716e+00,6.234380006675193542e+00,-1.626616211660336262e+02
2.998901942578771074e+00,6.139251648286315088e+00,-1.631878955275453222e+02
3.029048814146111379e+00,6.044481685910346513e+00,-1.637213641483730555e+02
3.059498741259349508e+00,5.950069930972768262e+00,-1.642621680400967250e+02
3.090254770425768793e+00,5.856015990408302230e+00,-1.648104503859956651e+02
3.121319978778090309e+00,5.762319258227407204e+00,-1.653663565885482569e+02
3.152697474382324838e+00,5.668978906499578585e+00,-1.659300343180109962e+02
3.184390396548748559e+00,5.575993875718763704e+00,-1.665016335619944812e+02
3.216401916145977147e+00,5.483362864515082258e+00,-1.670813066759400556e+02
3.248735235918221331e+00,5.391084318675369857e+00,-1.676692084343899296e+02
3.281393590805711025e+00,5.299156419433805887e+00,-1.682654960829268305e+02
3.314380248268359974e+00,5.207577070992357449e+00,-1.688703293906446277e+02
3.347698508612662938e+00,5.116343887229430010e+00,-1.694838707029936131e+02
3.381351705321903545e+00,5.025454177553456248e+00,-1.701062849948263533e+02
3.415343205389654635e+00,4.934904931857050592e+00,-1.707377399234472364e+02
3.449676409656659892e+00,4.844692804525585927e+00,-1.713784058814505045e+02
3.484354753151070572e+00,4.754814097453054167e+00,-1.720284560491035108e+02
3.519381705432136354e+00,4.665264742016408839e+00,-1.726880664460090600e+02
3.554760770937317460e+00,4.576040279958725421e+00,-1.733574159817505915e+02
3.590495489332917955e+00,4.487135843130044321e+00,-1.740366865051945808e+02
3.626589435868214029e+00,4.398546132034118372e+00,-1.747260628520907346e+02
3.663046221733170960e+00,4.310265393128069000e+00,-1.754257328905758584e+02
3.699869494419727012e+00,4.222287394821757189e+00,-1.761358875641484474e+02
3.737062938086738839e+00,4.134605402122736528e+00,-1.768567209316396429e+02
3.774630273928567092e+00,4.047212149873056219e+00,-1.775884302036626536e+02
3.812575260547393707e+00,3.960099814523900363e+00,-1.783312157749745666e+02
3.850901694329255331e+00,3.873259984394951783e+00,-1.790852812521334840e+02
3.889613409823885259e+00,3.786683628366048104e+00,-1.798508334757808882e+02
3.928714280128344782e+00,3.700361062950516366e+00,-1.806280825368188800e+02
3.968208217274540761e+00,3.614281917701331004e+00,-1.814172417856927666e+02
4.008099172620606332e+00,3.528435098904245670e+00,-1.822185278339217973e+02
4.048391137246251326e+00,3.442808751515297416e+00,-1.830321605469539179e+02
4.089088142352051314e+00,3.357390219304617673e+00,-1.838583630273446374e+02
4.130194259662784084e+00,3.272166003173656357e+00,-1.846973615871859522e+02
4.171713601834788676e+00,3.187121717619374905e+00,-1.855493857086287903e+02
4.213650322867454889e+00,3.102242045326471853e+00,-1.864146679912601030e+02
4.256008618518807296e+00,3.017510689877818564e+00,-1.872934440850061435e+02
4.298792726725311653e+00,2.932910326583479055e+00,-1.881859526071474420e+02
4.342006928025860191e+00,2.848422551440992212e+00,-1.890924350419337259e+02
4.385655545990054804e+00,2.764027828253356578e+00,-1.900131356211969091e+02
4.429742947650765039e+00,2.679705433947288107e+00,-1.909483011842624194e+02
4.474273543941063025e+00,2.595433402152045765e+00,-1.918981810153653669e+02
4.519251790135519364e+00,2.511188465120126612e+00,-1.928630266566818250e+02
4.564682186295968336e+00,2.426945994093561154e+00,-1.938430916949959908e+02
4.610569277721724646e+00,2.342679938245955995e+00,-1.948386315199325622e+02
4.656917655404352985e+00,2.258362762358561593e+00,-1.958499030516042296e+02
4.703731956486980614e+00,2.173965383421076591e+00,-1.968771644354464456e+02
4.751016864728251576e+00,2.089457106382553775e+00,-1.979206747019500767e+02
4.798777110970939397e+00,2.004805559316763741e+00,-1.989806933889485094e+02
4.847017473615252037e+00,1.919976628308312838e+00,-2.000574801240818488e+02
4.895742779096927677e+00,1.834934392411633919e+00,-2.011512941650452149e+02
4.944957902370099134e+00,1.749641059084579231e+00,-2.022623938952348510e+02
4.994667767395053026e+00,1.664056900551332818e+00,-2.033910362724437562e+02
5.044877347630848163e+00,1.578140191606227871e+00,-2.045374762283239249e+02
5.095591666532932607e+00,1.491847149429990527e+00,-2.057019660164420713e+02
5.146815798055713209e+00,1.405131876053400619e+00,-2.068847545069002649e+02
5.198554867160229520e+00,1.317946304168909677e+00,-2.080860864256966636e+02
5.250814050326880533e+00,1.230240147059321831e+00,-2.093062015372471478e+02
5.303598576073353499e+00,1.141960853481738036e+00,-2.105453337688100817e+02
5.356913725477713051e+00,1.053053568415563301e+00,-2.118037102759291201e+02
5.410764832706793648e+00,9.634611006527717958e-01,-2.130815504484695850e+02
5.465157285549858912e+00,8.731238982769383705e-01,-2.143790648573503574e+02
5.520096525957672640e+00,7.819800331420647677e-01,-2.156964541426931987e+02
5.575588050586938849e+00,6.899651955224284094e-01,-2.170339078448120347e+02
5.631637411350269851e+00,5.970127001572584913e-01,-2.183916031802633597e+02
5.688250215971621060e+00,5.030535049584258234e-01,-2.197697037660627473e+02
5.745432128547376394e+00,4.080162436810821913e-01,-2.211683582961586296e+02
5.803188870113006104e+00,3.118272738760028417e-01,-2.225876991753212337e+02
5.861526219215486222e+00,2.144107414431004333e-01,-2.240278411167676040e+02
5.920450012491413005e+00,1.156886630871705041e-01,-2.254888797110733947e+02
5.979966145250981135e+00,1.558102793521268063e-02,-2.269708899752312163e+02
6.040080572067784814e+00,-8.599408049277876276e-02,-2.284739248920617456e+02
6.100799307374596303e+00,-1.891203408640931838e-01,-2.299980139515764677e+02
6.162128426065081932e+00,-2.938830281967265701e-01,-2.315431617072784150e+02
6.224074064101618120e+00,-4.003688247998956617e-01,-2.331093463617671375e+02
6.286642419129170101e+00,-5.086656073822756197e-01,-2.346965183973305500e+02
6.349839751095388785e+00,-6.188622099527941733e-01,-2.363045992684424732e+02
6.413672382876892009e+00,-7.310481624093583264e-01,-2.379334801741817955e+02
6.478146700911889155e+00,-8.453134050184598625e-01,-2.395830209295226325e+02
6.543269155839122497e+00,-9.617479793300821589e-01,-2.412530489551455446e+02
6.609046263143273592e+00,-1.080441696446136746e+00,-2.429433584058682527e+02
6.675484603806809858e+00,-1.201483783960636931e+00,-2.446537094579146583e+02
6.742590824968439200e+00,-1.324962513311815693e+00,-2.463838277750205918e+02
6.810371640588125608e+00,-1.450964809721238424e+00,-2.481334041727404269e+02
6.878833832118846026e+00,-1.579575847335572769e+00,-2.499020944992741136e+02
6.947984249185045869e+00,-1.710878632621185336e+00,-2.516895197496187109e+02
7.017829810267973478e+00,-1.844953579480497652e+00,-2.534952664278804377e+02
7.088377503397837565e+00,-1.981878079948223625e+00,-2.553188871701379981e+02
7.159634386852991028e+00,-2.121726074674519236e+00,-2.571599016373564268e+02
7.231607589866079877e+00,-2.264567627695735386e+00,-2.590177976845315015e+02
7.304304313337350862e+00,-2.410468510221829508e+00,-2.608920328085515621e+02
7.377731830555068981e+00,-2.559489798319308118e+00,-2.627820358732541308e+02
7.451897487923237584e+00,-2.711687489431233722e+00,-2.646872091059137801e+02
7.526808705696575785e+00,-2.867112142642513906e+00,-2.666069303550088421e+02
7.602472978722943253e+00,-3.025808547464840181e+00,-2.685405555946953200e+02
7.678897877193165300e+00,-3.187815425677861469e+00,-2.704874216570631233e+02
7.756091047398461669e+00,-3.353165170423167751e+00,-2.724468491691010286e+02
7.834060212495421283e+00,-3.521883626308554671e+00,-2.744181456674446622e+02
7.912813173278738788e+00,-3.693989913750526544e+00,-2.764006088605700029e+02
7.992357808961646271e+00,-3.869496300172636793e+00,-2.783935300051927584e+02
8.072702077964258649e+00,-4.048408120001499633e+00,-2.803961973613701275e+02
8.153854018709782991e+00,-4.230723744675638720e+00,-2.824078996892069426e+02
8.235821750428787169e+00,-4.416434603125266811e+00,-2.844279297492354885e+02
8.318613473971499417e+00,-4.605525252411011294e+00,-2.864555877684549614e+02
8.402237472628330650e+00,-4.797973497448604796e+00,-2.884901848347232090e+02
8.486702112958585786e+00,-4.993750558012431284e+00,-2.905310461836299964e+02
8.572015845627564801e+00,-5.192821280524324123e+00,-2.925775143441353521e+02
8.658187206252021539e+00,-5.395144391509631099e+00,-2.946289521120341988e+02
8.745224816254179245e+00,-5.600672789056911682e+00,-2.966847453236362639e+02
8.833137383724270819e+00,-5.809353868160442858e+00,-2.987443054058223311e+02
8.921933704291797440e+00,-6.021129875465383918e+00,-3.008070716827444926e+02
9.011622662005544626e+00,-6.235938288678052110e+00,-3.028725134237564021e+02
9.102213230222391260e+00,-6.453712215749751735e+00,-3.049401316215766542e+02
9.193714472505128299e+00,-6.674380808891156924e+00,-3.070094604940948102e+02
9.286135543529237424e+00,-6.897869688518191822e+00,-3.090800687075017663e+02
9.379485689998839248e+00,-7.124101372365132079e+00,-3.111515603224892743e+02
9.473774251571796867e+00,-7.352995705213931643e+00,-3.132235754690221938e+02
9.569010661794177253e+00,-7.584470284971880361e+00,-3.152957907585819157e+02
9.665204449044036750e+00,-7.818440881167978418e+00,-3.173679194457543531e+02
9.762365237484781133e+00,-8.054821842321967296e+00,-3.194397113535707149e+02
9.860502748028006081e+00,-8.293526489052885253e+00,-3.215109525790659291e+02
9.959626799306121825e+00,-8.534467490227658715e+00,-3.235814649971239305e+02
1.005974730865466960e+01,-8.777557219889281726e+00,-3.256511055818106115e+02
1.016087429310455370e+01,-9.022708093141785568e+00,-3.277197655651049217e+02
1.026301787038428337e+01,-9.269832879593769448e+00,-3.297873694532392506e+02
1.036618825993218529e+01,-9.518844993366872842e+00,-3.318538739207944559e+02
1.047039578391889236e+01,-9.769658759055310782e+00,-3.339192666023159859e+02
1.057565086828006251e+01,-1.002218965336991019e+01,-3.359835648005517896e+02
1.068196404375952824e+01,-1.027635452251474746e+01,-3.380468141295281157e+02
1.078934594696282723e+01,-1.053207177562176255e+01,-3.401090871096016599e+02
1.089780732142144259e+01,-1.078926155481056703e+01,-3.421704817304258768e+02
1.100735901866766397e+01,-1.104784588264363165e+01,-3.442311199964520938e+02
1.111801199932032524e+01,-1.130774878791619642e+01,-3.462911464682270548e+02
1.122977733418134250e+01,-1.156889641085334830e+01,-3.483507268113500004e+02
1.134266620534339687e+01,-1.183121708889005141e+01,-3.504100463635716096e+02
1.145668990730866987e+01,-1.209464142428142353e+01,-3.524693087291460074e+02
1.157185984811890478e+01,-1.235910233483798848e+01,-3.545287344082431673e+02
1.168818755049670699e+01,-1.262453508910252253e+01,-3.565885594679712653e+02
1.180568465299844227e+01,-1.289087732728844138e+01,-3.586490342603939325e+02
1.192436291117863334e+01,-1.315806906928368036e+01,-3.607104221918309008e+02
1.204423419876616919e+01,-1.342605271099485265e+01,-3.627729985467398137e+02
1.216531050885217269e+01,-1.369477301026374327e+01,-3.648370493685605993e+02
1.228760395508997583e+01,-1.396417706353805244e+01,-3.669028703991052112e+02
1.241112677290704625e+01,-1.423421427441833487e+01,-3.689707660773407270e+02
1.253589132072920265e+01,-1.450483631514003235e+01,-3.710410485977930648e+02
1.266191008121698403e+01,-1.477599708198114747e+01,-3.731140370282402614e+02
1.278919566251459727e+01,-1.504765264551763693e+01,-3.751900564859080873e+02
1.291776079951132417e+01,-1.531976119657743141e+01,-3.772694373709767319e+02
1.304761835511570567e+01,-1.559228298867504137e+01,-3.793525146558887968e+02
1.317878132154238457e+01,-1.586518027763945327e+01,-3.814396272286782050e+02
1.331126282161203278e+01,-1.613841725908279301e+01,-3.835311172883414201e+02
1.344507611006425662e+01,-1.641196000429233948e+01,-3.856273297901044543e+02
1.358023457488378405e+01,-1.668577639506865040e+01,-3.877286119383336995e+02
1.371675173863984476e+01,-1.695983605797446714e+01,-3.898353127247558518e+02
1.385464125983916084e+01,-1.723411029840607966e+01,-3.919477825096208221e+02
1.399391693429244476e+01,-1.750857203484796898e+01,-3.940663726434175373e+02
1.413459269649472283e+01,-1.778319573362549733e+01,-3.961914351267744223e+02
1.427668262101939511e+01,-1.805795734442718725e+01,-3.983233223061985200e+02
1.442020092392644948e+01,-1.833283423682958357e+01,-4.004623866033672357e+02
1.456516196418474074e+01,-1.860780513802120595e+01,-4.026089802757383040e+02
1.471158024510866724e+01,-1.888285007189019638e+01,-4.047634552063250908e+02
1.485947041580913286e+01,-1.915795029961043383e+01,-4.069261627205588070e+02
1.500884727265924390e+01,-1.943308826183540816e+01,-4.090974534282543118e+02
1.515972576077465739e+01,-1.970824752258476664e+01,-4.112776770887808198e+02
1.531212097550888807e+01,-1.998341271488832760e+01,-4.134671824976375660e+02
1.546604816396351367e+01,-2.025856948823296833e+01,-4.156663173927266826e+02
1.562152272651369778e+01,-2.053370445784273812e+01,-4.178754283787156965e+02
1.577856021834896083e+01,-2.080880515580706458e+01,-4.200948608679712493e+02
1.593717635102954411e+01,-2.108385998406066619e+01,-4.223249590366424400e+02
1.609738699405824391e+01,-2.135885816920682245e+01,-4.245660657945603589e+02
1.625920817646822059e+01,-2.163378971916822735e+01,-4.268185227677105331e+02
1.642265608842665969e+01,-2.190864538164003861e+01,-4.290826702921179390e+02
1.658774708285466915e+01,-2.218341660431467943e+01,-4.313588474180668300e+02
1.675449767706328075e+01,-2.245809549684143391e+01,-4.336473919236514121e+02
1.692292455440606602e+01,-2.273267479448033868e+01,-4.359486403367340586e+02
1.709304456594828636e+01,-2.300714782340558884e+01,-4.382629279644515918e+02
1.726487473215282975e+01,-2.328150846761130310e+01,-4.405905889294783719e+02
1.743843224458316143e+01,-2.355575113737025816e+01,-4.429319562123192213e+02
1.761373446762322814e+01,-2.382987073919445109e+01,-4.452873616989580796e+02
1.779079894021484876e+01,-2.410386264724593275e+01,-4.476571362332526860e+02
1.796964337761242803e+01,-2.437772267614506205e+01,-4.500416096735065707e+02
1.815028567315543384e+01,-2.465144705512387091e+01,-4.524411109527058557e+02
1.833274390005853149e+01,-2.492503240347161508e+01,-4.548559681419468461e+02
1.851703631321985810e+01,-2.519847570722092911e+01,-4.572865085166275207e+02
1.870318135104739099e+01,-2.547177429702292528e+01,-4.597330586250107558e+02
1.889119763730377954e+01,-2.574492582716093381e+01,-4.621959443588051499e+02
1.908110398296953392e+01,-2.601792825565316036e+01,-4.646754910254392712e+02
1.927291938812513550e+01,-2.629077982539643088e+01,-4.671720234217412440e+02
1.946666304385195900e+01,-2.656347904630365164e+01,-4.696858659087591263e+02
1.966235433415239342e+01,-2.683602467838969829e+01,-4.722173424874852685e+02
1.986001283788911209e+01,-2.710841571576112941e+01,-4.747667768752712618e+02
2.005965833074399285e+01,-2.738065137146747574e+01,-4.773344925827439056e+02
2.026131078719664202e+01,-2.765273106317255269e+01,-4.799208129910514913e+02
2.046499038252291314e+01,-2.792465439960628970e+01,-4.825260614292882906e+02
2.067071749481331366e+01,-2.819642116775855101e+01,-4.851505612519604256e+02
2.087851270701191098e+01,-2.846803132077873855e+01,-4.877946359163773877e+02
2.108839680897560953e+01,-2.873948496654551832e+01,-4.904586090598617147e+02
2.130039079955425407e+01,-2.901078235687337070e+01,-4.931428045766857053e+02
2.151451588869143805e+01,-2.928192387732318025e+01,-4.958475466946529764e+02
2.173079349954662476e+01,-2.955291003758647506e+01,-4.985731600512584123e+02
2.194924527063849595e+01,-2.982374146241360791e+01,-5.013199697693644907e+02
2.216989305800996846e+01,-3.009441888305779145e+01,-5.040883015323456107e+02
2.239275893741475087e+01,-3.036494312920791216e+01,-5.068784816586524471e+02
2.261786520652610122e+01,-3.063531512138499124e+01,-5.096908371757687632e+02
2.284523438716766108e+01,-3.090553586377744111e+01,-5.125256958935246985e+02
2.307488922756685668e+01,-3.117560643749240157e+01,-5.153833864767494788e+02
2.330685270463070324e+01,-3.144552799420043954e+01,-5.182642385172392778e+02
2.354114802624473768e+01,-3.171530175015329434e+01,-5.211685826050359083e+02
2.377779863359491941e+01,-3.198492898055430800e+01,-5.240967503990012801e+02
2.401682820351300052e+01,-3.225441101426277868e+01,-5.270490746966868301e+02
2.425826065084524785e+01,-3.252374922881392649e+01,-5.300258895034950228e+02
2.450212013084520635e+01,-3.279294504573784508e+01,-5.330275301011364490e+02
2.474843104159039697e+01,-3.306199992616092942e+01,-5.360543331153875215e+02
2.499721802642340762e+01,-3.333091536667441801e+01,-5.391066365831558187e+02
2.524850597641733430e+01,-3.359969289545544768e+01,-5.421847800188602378e+02
2.550232003286620497e+01,-3.386833406862692186e+01,-5.452891044801427824e+02
2.575868558980031153e+01,-3.413684046684294771e+01,-5.484199526329190348e+02
2.601762829652699338e+01,-3.440521369208755686e+01,-5.515776688157882290e+02
2.627917406019666657e+01,-3.467345536467461642e+01,-5.547625991038107713e+02
2.654334904839495479e+01,-3.494156712043823632e+01,-5.579750913716781042e+02
2.681017969176067339e+01,-3.520955060810271675e+01,-5.612154953562879882e+02
2.707969268663034157e+01,-3.547740748682240053e+01,-5.644841627187458926e+02
2.735191499770894907e+01,-3.574513942388137622e+01,-5.677814471058081836e+02
2.762687386076791540e+01,-3.601274809254488218e+01,-5.711077042107932584e+02
2.790459678536992882e+01,-3.628023517005314602e+01,-5.744632918339741536e+02
2.818511155762140774e+01,-3.654760233575026263e+01,-5.778485699424792301e+02
2.846844624295231796e+01,-3.681485126933992547e+01,-5.812639007297149192e+02
2.875462918892421982e+01,-3.708198364926134616e+01,-5.847096486743386095e+02
2.904368902806638530e+01,-3.734900115117823560e+01,-5.881861805987974776e+02
2.933565468074058202e+01,-3.761590544657460100e+01,-5.916938657274590696e+02
2.963055535803438190e+01,-3.788269820145102784e+01,-5.952330757443475022e+02
2.992842056468383660e+01,-3.814938107511596854e+01,-5.988041848505165490e+02
3.022928010202534921e+01,-3.841595571906644579e+01,-6.024075698210698420e+02
3.053316407097743479e+01,-3.868242377595315418e+01,-6.060436100618608180e+02
3.084010287505210357e+01,-3.894878687862468780e+01,-6.097126876658794572e+02
3.115012722339685780e+01,-3.921504664924692918e+01,-6.134151874693587843e+02
3.146326813386707144e+01,-3.948120469849268233e+01,-6.171514971076153415e+02
3.177955693612943833e+01,-3.974726262479788375e+01,-6.209220070706444403e+02
3.209902527479631829e+01,-4.001322201367997877e+01,-6.247271107584900847e+02
3.242170511259188714e+01,-4.027908443711532982e+01,-6.285672045364105998e+02
3.274762873354998050e+01,-4.054485145297189774e+01,-6.324426877898583825e+02
3.307682874624405400e+01,-4.081052460449384256e+01,-6.363539629792919641e+02
3.340933808704981800e+01,-4.107610541983526531e+01,-6.403014356948433488e+02
3.374519002344027285e+01,-4.134159541163963780e+01,-6.442855147108508618e+02
3.408441815731430324e+01,-4.160699607666273181e+01,-6.483066120402856995e+02
3.442705642835841218e+01,-4.187230889543595680e+01,-6.523651429890830968e+02
3.477313911744256814e+01,-4.213753533196805279e+01,-6.564615262104006206e+02
3.512270085004973907e+01,-4.240267683348216110e+01,-6.605961837588139360e+02
3.547577659974034248e+01,-4.266773483018692303e+01,-6.647695411444764204e+02
3.583240169165125621e+01,-4.293271073507873581e+01,-6.689820273872522876e+02
3.619261180603022154e+01,-4.319760594377371632e+01,-6.732340750708440282e+02
3.655644298180545348e+01,-4.346242183436716289e+01,-6.775261203969249664e+02
3.692393162019143205e+01,-4.372715976731896603e+01,-6.818586032393001233e+02
3.729511448833079612e+01,-4.399182108536327007e+01,-6.862319671981061902e+02
3.767002872297302218e+01,-4.425640711344083655e+01,-6.906466596540675482e+02
3.804871183418972436e+01,-4.452091915865236160e+01,-6.951031318228211831e+02
3.843120170912767009e+01,-4.478535851023182346e+01,-6.996018388093299336e+02
3.881753661579930537e+01,-4.504972643953804834e+01,-7.041432396623938530e+02
3.920775520691162797e+01,-4.531402420006378406e+01,-7.087277974292800309e+02
3.960189652373311731e+01,-4.557825302746039853e+01,-7.133559792104749704e+02
3.999999999999999289e+01,-4.584241413957781219e+01,-7.180282562145849852e+02
