t,u
0.0,0.0
0.005,0.03454447317061469
0.01,0.06901072914741957
0.015,0.10332084508536005
0.02,0.1373974856787698
0.025,0.17116419404032918
0.03,0.2045456791239177
0.035,0.23746809856056708
0.04,0.26985933579481886
0.045,0.30164927043128165
0.05,0.3327700407279728
0.055,0.36315629720401643
0.06,0.3927454463643312
0.065,0.4214778835829359
0.07,0.4492972142292793
0.075,0.4761504621683896
0.08,0.5019882648154593
0.085,0.526765053978532
0.09,0.5504392217790351
0.095,0.5729732709987794
0.1,0.5943339492634934
0.105,0.6144923665367387
0.11,0.6334240954638979
0.115,0.6511092541736005
0.12,0.6675325712131595
0.125,0.6826834323650898
0.13,0.696555909163262
0.135,0.7091487689994521
0.14,0.7204654667836793
0.145,0.7305141181945044
0.15,0.7393074546280929
0.155,0.7468627600270488
0.16,0.7532017898415211
0.165,0.7583506724455666
0.17,0.7623397934009758
0.17500000000000002,0.765203663028433
0.18,0.7669807678117334
0.185,0.7677134062245552
0.19,0.7674475096307373
0.195,0.7662324489678856
0.2,0.7641208279802151
0.20500000000000002,0.761168263819583
0.21,0.757433155883491
0.215,0.7529764438052269
0.22,0.747861355554093
0.225,0.7421531466426678
0.23,0.7359188314731082
0.23500000000000001,0.7292269078854907
0.24,0.72214707599798
0.245,0.7147499524511084
0.25,0.7071067811865475
0.255,0.6992891419043948
0.26,0.6913686573521203
0.265,0.6834167006028923
0.27,0.6755041034810031
0.275,0.6677008672875466
0.28,0.6600758769703857
0.28500000000000003,0.6526966198688079
0.29,0.6456289101451758
0.295,0.6389366199933916
0.3,0.6326814186872054
0.305,0.6269225205004165
0.31,0.6217164424959553
0.315,0.6171167731418468
0.32,0.6131739526692783
0.325,0.609935066041608
0.33,0.607443649353339
0.335,0.6057395104250322
0.34,0.6048585643040576
0.34500000000000003,0.604832684322218
0.35000000000000003,0.6056895692998219
0.355,0.6074526274220262
0.36,0.610140877247413
0.365,0.6137688662411018
0.37,0.6183466071554997
0.375,0.6238795325112867
0.38,0.6303684673597698
0.385,0.6378096204355239
0.39,0.6461945937356188
0.395,0.655510410488956
0.4,0.6657395614066075
0.405,0.6768600690318547
0.41000000000000003,0.6888455699371372
0.41500000000000004,0.701665414444639
0.42,0.7152847834780265
0.425,0.7296648220851922
0.43,0.7447627891060105
0.435,0.7605322223953423
0.44,0.7769231189500819
0.445,0.7938821292301671
0.45,0.8113527649073958
0.455,0.8292756192228586
0.46,0.8475885990839633
0.465,0.866227167985658
0.47000000000000003,0.8851245987976767
0.47500000000000003,0.9042122354206437
0.48,0.923419762278815
0.485,0.9426754805862526
0.49,0.9619065902964402
0.495,0.9810394766228666
0.5,0.9999999999999999
0.505,1.0187137883404545
0.51,1.0371065304350229
0.515,1.0551042693376873
0.52,1.072633694577728
0.525,1.089622432045612
0.53,1.1059993304084834
0.535,1.1216947429247015
0.54,1.1366408035449924
0.545,1.1507716962102565
0.55,1.1640239162828798
0.555,1.1763365230793807
0.56,1.1876513825072954
0.5650000000000001,1.1979133988481894
0.5700000000000001,1.2070707347714842
0.5750000000000001,1.2150750187101609
0.58,1.2218815387792357
0.585,1.2274494224709571
0.59,1.231741801416749
0.595,1.2347259605648055
0.6,1.2363734711836996
0.605,1.2366603071661346
0.61,1.235566944172832
0.615,1.2330784412242106
0.62,1.2291845044167329
0.625,1.2238795325112868
0.63,1.2171626442124628
0.635,1.2090376870297885
0.64,1.199513227684626
0.645,1.1886025240992049
0.65,1.176323479076914
0.655,1.162698575855169
0.66,1.1477547957836691
0.665,1.1315235184513504
0.67,1.1140404046545482
0.675,1.0953452626665765
0.68,1.0754818983347516
0.685,1.0544979495946936
0.6900000000000001,1.0324447060531683
0.6950000000000001,1.0093769143496303
0.7000000000000001,0.9853525700626895
0.705,0.9604326969807898
0.71,0.9346811146062054
0.715,0.9081641948078523
0.72,0.8809506085811927
0.725,0.8531110639125153
0.73,0.8247180357799163
0.735,0.7958454893543276
0.74,0.7665685974907027
0.745,0.7369634536219829
0.75,0.7071067811865477
0.755,0.6770756407335207
0.76,0.6469471358593979
0.765,0.6167981191340558
0.77,0.5867048991741954
0.775,0.5567429500176997
0.78,0.5269866239432867
0.785,0.4975088688661831
0.79,0.4683809514224617
0.795,0.439672186832185
0.8,0.4114496766047314
0.805,0.3837780551186712
0.81,0.35671924607352373
0.8150000000000001,0.3303322297717082
0.8200000000000001,0.3046728221462599
0.8250000000000001,0.27979346640346475
0.8300000000000001,0.2557430380997664
0.835,0.2325666644192489
0.84,0.21030555836190995
0.845,0.18899686849409802
0.85,0.16867354485100083
0.855,0.14936422151732603
0.86,0.13109311634646637
0.865,0.11387994821076536
0.87,0.09773987210629914
0.875,0.08268343236508985
0.88,0.06871653415619666
0.885,0.05584043338491396
0.89,0.04405174502668474
0.895,0.033342469859560075
0.9,0.02370003948640137
0.905,0.01510737946582863
0.91,0.007542990299423347
0.915,0.000981045952213766
0.92,-0.004608490485749739
0.925,-0.009259734456578794
0.93,-0.013010731436194245
0.935,-0.01590329286991099
0.9400000000000001,-0.017982817192882
0.9450000000000001,-0.019298096645197355
0.9500000000000001,-0.019901110647511044
0.9550000000000001,-0.019846806556116314
0.96,-0.01919286866621034
0.965,-0.017999476378476556
0.97,-0.016329052486889067
0.975,-0.014246002584639303
0.98,-0.011816446620143098
0.985,-0.009107943666074779
0.99,-0.006189210991162965
0.995,-0.003129838546973341
1.0,-2.449293598294706e-17
1.0050000000000001,0.0031298385469733826
1.01,0.006189210991162916
1.0150000000000001,0.00910794366607473
1.02,0.011816446620143056
1.025,0.014246002584639192
1.03,0.01632905248688904
1.035,0.0179994763784765
1.04,0.01919286866621034
1.045,0.019846806556116287
1.05,0.019901110647511072
1.055,0.019298096645197382
1.06,0.017982817192881945
1.065,0.015903292869911018
1.07,0.013010731436194217
1.075,0.009259734456578822
1.08,0.004608490485749628
1.085,-0.0009810459522137105
1.09,-0.007542990299423458
1.095,-0.015107379465828574
1.1,-0.023700039486401536
1.105,-0.033342469859559964
1.11,-0.04405174502668491
1.115,-0.055840433384913846
1.12,-0.06871653415619688
1.125,-0.08268343236508968
1.1300000000000001,-0.09773987210629936
1.135,-0.11387994821076508
1.1400000000000001,-0.13109311634646614
1.145,-0.14936422151732576
1.1500000000000001,-0.1686735448510011
1.155,-0.18899686849409764
1.16,-0.210305558361909
1.165,-0.23256666441924856
1.17,-0.255743038099766
1.175,-0.2797934664034645
1.18,-0.3046728221462595
1.185,-0.3303322297717085
1.19,-0.35671924607352323
1.195,-0.3837780551186716
1.2,-0.4114496766047309
1.205,-0.43967218683218545
1.21,-0.46838095142246133
1.215,-0.4975088688661834
1.22,-0.5269866239432862
1.225,-0.5567429500177
1.23,-0.586704899174195
1.235,-0.6167981191340561
1.24,-0.6469471358593974
1.245,-0.6770756407335211
1.25,-0.7071067811865471
1.2550000000000001,-0.7369634536219831
1.26,-0.7665685974907022
1.2650000000000001,-0.7958454893543271
1.27,-0.8247180357799159
1.2750000000000001,-0.8531110639125156
1.28,-0.880950608581193
1.285,-0.9081641948078502
1.29,-0.9346811146062051
1.295,-0.9604326969807894
1.3,-0.9853525700626891
1.305,-1.0093769143496298
1.31,-1.0324447060531678
1.315,-1.0544979495946931
1.32,-1.0754818983347523
1.325,-1.0953452626665756
1.33,-1.1140404046545485
1.335,-1.1315235184513504
1.34,-1.1477547957836696
1.345,-1.1626985758551687
1.35,-1.1763234790769137
1.355,-1.1886025240992049
1.36,-1.1995132276846265
1.365,-1.2090376870297883
1.37,-1.2171626442124628
1.375,-1.2238795325112866
1.3800000000000001,-1.2291845044167329
1.385,-1.2330784412242106
1.3900000000000001,-1.235566944172832
1.395,-1.2366603071661346
1.4000000000000001,-1.2363734711836996
1.405,-1.2347259605648055
1.41,-1.231741801416749
1.415,-1.2274494224709573
1.42,-1.2218815387792359
1.425,-1.2150750187101607
1.43,-1.2070707347714844
1.435,-1.1979133988481891
1.44,-1.1876513825072954
1.445,-1.1763365230793807
1.45,-1.1640239162828798
1.455,-1.1507716962102568
1.46,-1.1366408035449926
1.465,-1.121694742924701
1.47,-1.1059993304084839
1.475,-1.0896224320456118
1.48,-1.0726336945777277
1.485,-1.0551042693376873
1.49,-1.0371065304350229
1.495,-1.0187137883404547
1.5,-1.0000000000000002
1.5050000000000001,-0.9810394766228658
1.51,-0.9619065902964408
1.5150000000000001,-0.9426754805862521
1.52,-0.9234197622788157
1.5250000000000001,-0.9042122354206434
1.53,-0.8851245987976765
1.5350000000000001,-0.8662271679856578
1.54,-0.8475885990839633
1.545,-0.8292756192228586
1.55,-0.811352764907396
1.555,-0.7938821292301673
1.56,-0.7769231189500825
1.565,-0.7605322223953428
1.57,-0.7447627891060102
1.575,-0.729664822085193
1.58,-0.7152847834780265
1.585,-0.701665414444639
1.59,-0.6888455699371372
1.595,-0.6768600690318547
1.6,-0.6657395614066077
1.605,-0.6555104104889562
1.61,-0.6461945937356186
1.615,-0.6378096204355242
1.62,-0.6303684673597698
1.625,-0.6238795325112867
1.6300000000000001,-0.6183466071554995
1.635,-0.6137688662411018
1.6400000000000001,-0.610140877247413
1.645,-0.6074526274220263
1.6500000000000001,-0.6056895692998218
1.655,-0.604832684322218
1.6600000000000001,-0.6048585643040578
1.665,-0.6057395104250323
1.67,-0.607443649353339
1.675,-0.6099350660416081
1.68,-0.6131739526692782
1.685,-0.6171167731418469
1.69,-0.6217164424959551
1.695,-0.6269225205004165
1.7,-0.6326814186872054
1.705,-0.6389366199933915
1.71,-0.6456289101451756
1.715,-0.6526966198688081
1.72,-0.6600758769703856
1.725,-0.6677008672875469
1.73,-0.6755041034810032
1.735,-0.6834167006028924
1.74,-0.6913686573521203
1.745,-0.6992891419043947
1.75,-0.7071067811865475
1.7550000000000001,-0.7147499524511086
1.76,-0.7221470759979798
1.7650000000000001,-0.7292269078854908
1.77,-0.735918831473108
1.7750000000000001,-0.742153146642668
1.78,-0.7478613555540932
1.7850000000000001,-0.7529764438052269
1.79,-0.757433155883491
1.795,-0.7611682638195829
1.8,-0.764120827980215
1.805,-0.7662324489678854
1.81,-0.7674475096307372
1.815,-0.7677134062245552
1.82,-0.7669807678117333
1.825,-0.7652036630284332
1.83,-0.7623397934009758
1.835,-0.7583506724455666
1.84,-0.7532017898415211
1.845,-0.7468627600270488
1.85,-0.7393074546280929
1.855,-0.7305141181945046
1.86,-0.720465466783679
1.865,-0.7091487689994525
1.87,-0.6965559091632618
1.875,-0.6826834323650903
1.8800000000000001,-0.6675325712131592
1.885,-0.6511092541736003
1.8900000000000001,-0.6334240954638981
1.895,-0.6144923665367389
1.9000000000000001,-0.5943339492634938
1.905,-0.5729732709987798
1.9100000000000001,-0.5504392217790344
1.915,-0.5267650539785327
1.92,-0.5019882648154602
1.925,-0.4761504621683893
1.93,-0.44929721422928065
1.935,-0.4214778835829359
1.94,-0.39274544636433134
1.945,-0.36315629720401676
1.95,-0.3327700407279733
1.955,-0.3016492704312823
1.96,-0.2698593357948197
1.965,-0.23746809856056628
1.97,-0.20454567912391897
1.975,-0.17116419404032873
1.98,-0.13739748567876958
1.985,-0.10332084508535999
1.99,-0.06901072914741971
1.995,-0.03454447317061503
2.0,-5.388445916248354e-16
2.005,0.034544473170613946
2.0100000000000002,0.06901072914742058
2.015,0.10332084508536087
2.02,0.13739748567876847
2.025,0.17116419404032768
2.0300000000000002,0.2045456791239179
2.035,0.23746809856056708
2.04,0.2698593357948187
2.045,0.3016492704312813
2.05,0.33277004072797056
2.055,0.3631562972040175
2.06,0.3927454463643304
2.065,0.42147788358293503
2.07,0.44929721422927826
2.075,0.47615046216838997
2.08,0.5019882648154594
2.085,0.526765053978532
2.09,0.5504392217790337
2.095,0.5729732709987804
2.1,0.5943339492634931
2.105,0.6144923665367383
2.11,0.6334240954638974
2.115,0.6511092541736009
2.12,0.6675325712131597
2.125,0.6826834323650899
2.13,0.6965559091632614
2.1350000000000002,0.7091487689994529
2.14,0.7204654667836792
2.145,0.7305141181945044
2.15,0.7393074546280927
2.1550000000000002,0.746862760027049
2.16,0.7532017898415213
2.165,0.7583506724455664
2.17,0.7623397934009757
2.1750000000000003,0.7652036630284331
2.18,0.7669807678117333
2.185,0.7677134062245552
2.19,0.7674475096307373
2.195,0.7662324489678856
2.2,0.764120827980215
2.205,0.7611682638195831
2.21,0.7574331558834912
2.215,0.7529764438052271
2.22,0.747861355554093
2.225,0.7421531466426678
2.23,0.7359188314731083
2.235,0.7292269078854912
2.24,0.7221470759979796
2.245,0.7147499524511084
2.25,0.7071067811865476
2.255,0.699289141904395
2.2600000000000002,0.69136865735212
2.265,0.6834167006028921
2.27,0.6755041034810034
2.275,0.6677008672875471
2.2800000000000002,0.6600758769703858
2.285,0.6526966198688079
2.29,0.6456289101451758
2.295,0.6389366199933916
2.3000000000000003,0.6326814186872053
2.305,0.6269225205004163
2.31,0.6217164424959554
2.315,0.617116773141847
2.32,0.6131739526692784
2.325,0.609935066041608
2.33,0.607443649353339
2.335,0.6057395104250322
2.34,0.6048585643040578
2.345,0.604832684322218
2.35,0.6056895692998217
2.355,0.6074526274220262
2.36,0.6101408772474128
2.365,0.613768866241102
2.37,0.6183466071554997
2.375,0.6238795325112865
2.38,0.6303684673597696
2.3850000000000002,0.6378096204355244
2.39,0.6461945937356188
2.395,0.655510410488956
2.4,0.6657395614066073
2.4050000000000002,0.676860069031855
2.41,0.6888455699371375
2.415,0.7016654144446386
2.42,0.715284783478026
2.4250000000000003,0.7296648220851926
2.43,0.7447627891060107
2.435,0.7605322223953423
2.44,0.7769231189500819
2.445,0.7938821292301659
2.45,0.8113527649073964
2.455,0.8292756192228581
2.46,0.8475885990839627
2.465,0.8662271679856572
2.47,0.8851245987976769
2.475,0.9042122354206439
2.48,0.9234197622788152
2.485,0.9426754805862514
2.49,0.9619065902964412
2.495,0.9810394766228663
2.5,0.9999999999999997
2.505,1.0187137883404542
2.5100000000000002,1.0371065304350233
2.515,1.0551042693376878
2.52,1.0726336945777273
2.525,1.0896224320456114
2.5300000000000002,1.1059993304084834
2.535,1.1216947429247015
2.54,1.1366408035449922
2.545,1.1507716962102563
2.5500000000000003,1.16402391628288
2.555,1.1763365230793805
2.56,1.1876513825072956
2.565,1.197913398848189
2.57,1.2070707347714833
2.575,1.2150750187101613
2.58,1.2218815387792357
2.585,1.227449422470957
2.59,1.231741801416749
2.595,1.2347259605648055
2.6,1.2363734711836996
2.605,1.2366603071661346
2.61,1.235566944172832
2.615,1.2330784412242106
2.62,1.229184504416733
2.625,1.2238795325112868
2.63,1.217162644212463
2.6350000000000002,1.2090376870297885
2.64,1.1995132276846256
2.645,1.188602524099205
2.65,1.176323479076915
2.6550000000000002,1.1626985758551693
2.66,1.1477547957836691
2.665,1.131523518451351
2.67,1.1140404046545478
2.6750000000000003,1.0953452626665752
2.68,1.0754818983347518
2.685,1.0544979495946951
2.69,1.0324447060531687
2.695,1.009376914349632
2.7,0.98535257006269
2.705,0.9604326969807887
2.71,0.9346811146062058
2.715,0.908164194807854
2.72,0.8809506085811908
2.725,0.853111063912515
2.73,0.8247180357799175
2.735,0.7958454893543273
2.74,0.7665685974907014
2.745,0.7369634536219833
2.75,0.7071067811865498
2.755,0.6770756407335211
2.7600000000000002,0.6469471358593967
2.765,0.6167981191340571
2.77,0.586704899174195
2.775,0.5567429500177009
2.7800000000000002,0.5269866239432862
2.785,0.49750886886618184
2.79,0.46838095142246217
2.795,0.4396721868321871
2.8000000000000003,0.41144967660473175
2.805,0.3837780551186708
2.81,0.3567192460735249
2.815,0.33033222977170773
2.82,0.304672822146261
2.825,0.2797934664034645
2.83,0.25574303809976806
2.835,0.23256666441924856
2.84,0.21030555836191084
2.845,0.1889968684940983
2.85,0.16867354485100006
2.855,0.14936422151732642
2.86,0.13109311634646764
2.865,0.11387994821076425
2.87,0.09773987210629898
2.875,0.08268343236509051
2.88,0.0687165341561965
2.8850000000000002,0.05584043338491318
2.89,0.04405174502668496
2.895,0.03334246985956085
2.9,0.023700039486401592
2.9050000000000002,0.015107379465828352
2.91,0.007542990299423624
2.915,0.0009810459522137105
2.92,-0.004608490485749489
2.9250000000000003,-0.009259734456578822
2.93,-0.013010731436194412
2.935,-0.01590329286991099
2.94,-0.017982817192881834
2.945,-0.019298096645197355
2.95,-0.019901110647511072
2.955,-0.019846806556116314
2.96,-0.01919286866621031
2.965,-0.01799947637847657
2.97,-0.01632905248688904
2.975,-0.014246002584639386
2.98,-0.011816446620143056
2.985,-0.009107943666074904
2.99,-0.00618921099116302
2.995,-0.0031298385469732196
3.0,-7.347880794884118e-17
3.005,0.0031298385469730704
3.0100000000000002,0.0061892109911632145
3.015,0.009107943666074772
3.02,0.011816446620142945
3.025,0.014246002584639289
3.0300000000000002,0.01632905248688918
3.035,0.017999476378476514
3.04,0.019192868666210255
3.045,0.019846806556116314
3.0500000000000003,0.019901110647511044
3.055,0.019298096645197382
3.06,0.017982817192881945
3.065,0.015903292869911073
3.0700000000000003,0.013010731436194162
3.075,0.009259734456578544
3.08,0.004608490485749739
3.085,-0.000981045952213433
3.09,-0.007542990299423347
3.095,-0.015107379465828852
3.1,-0.023700039486401148
3.105,-0.03334246985956035
3.11,-0.04405174502668435
3.115,-0.0558404333849139
3.12,-0.06871653415619589
3.125,-0.08268343236508985
3.13,-0.0977398721062982
3.1350000000000002,-0.1138799482107653
3.14,-0.1310931163464668
3.145,-0.14936422151732542
3.15,-0.1686735448509991
3.1550000000000002,-0.1889968684940973
3.16,-0.2103055583619099
3.165,-0.23256666441924756
3.17,-0.255743038099767
3.1750000000000003,-0.27979346640346614
3.18,-0.30467282214625985
3.185,-0.3303322297717066
3.19,-0.3567192460735237
3.1950000000000003,-0.3837780551186728
3.2,-0.41144967660473053
3.205,-0.4396721868321859
3.21,-0.46838095142246083
3.215,-0.4975088688661805
3.22,-0.5269866239432883
3.225,-0.5567429500176996
3.23,-0.5867048991741937
3.235,-0.6167981191340558
3.24,-0.6469471358593987
3.245,-0.6770756407335197
3.25,-0.7071067811865483
3.255,-0.7369634536219819
3.2600000000000002,-0.7665685974907034
3.265,-0.7958454893543259
3.27,-0.8247180357799162
3.275,-0.8531110639125137
3.2800000000000002,-0.8809506085811925
3.285,-0.9081641948078528
3.29,-0.9346811146062045
3.295,-0.9604326969807876
3.3000000000000003,-0.9853525700626887
3.305,-1.009376914349631
3.31,-1.0324447060531676
3.315,-1.054497949594694
3.3200000000000003,-1.0754818983347532
3.325,-1.0953452626665765
3.33,-1.1140404046545471
3.335,-1.1315235184513501
3.34,-1.1477547957836682
3.345,-1.1626985758551684
3.35,-1.1763234790769144
3.355,-1.1886025240992046
3.36,-1.1995132276846252
3.365,-1.2090376870297892
3.37,-1.2171626442124626
3.375,-1.2238795325112863
3.38,-1.2291845044167329
3.3850000000000002,-1.2330784412242108
3.39,-1.2355669441728319
3.395,-1.2366603071661346
3.4,-1.2363734711836996
3.4050000000000002,-1.2347259605648055
3.41,-1.2317418014167492
3.415,-1.2274494224709571
3.42,-1.221881538779236
3.4250000000000003,-1.2150750187101607
3.43,-1.2070707347714837
3.435,-1.1979133988481894
3.44,-1.187651382507296
3.4450000000000003,-1.1763365230793812
3.45,-1.1640239162828792
3.455,-1.150771696210257
3.46,-1.1366408035449922
3.465,-1.1216947429247022
3.47,-1.1059993304084832
3.475,-1.0896224320456132
3.48,-1.0726336945777282
3.485,-1.0551042693376886
3.49,-1.037106530435023
3.495,-1.018713788340454
3.5,-1.0000000000000004
3.505,-0.9810394766228683
3.5100000000000002,-0.9619065902964389
3.515,-0.9426754805862524
3.52,-0.9234197622788161
3.525,-0.9042122354206438
3.5300000000000002,-0.8851245987976756
3.535,-0.8662271679856581
3.54,-0.8475885990839646
3.545,-0.829275619222859
3.5500000000000003,-0.8113527649073953
3.555,-0.7938821292301675
3.56,-0.7769231189500818
3.565,-0.7605322223953431
3.5700000000000003,-0.7447627891060105
3.575,-0.7296648220851915
3.58,-0.7152847834780267
3.585,-0.7016654144446399
3.59,-0.6888455699371374
3.595,-0.6768600690318544
3.6,-0.665739561406608
3.605,-0.6555104104889558
3.61,-0.6461945937356193
3.615,-0.6378096204355239
3.62,-0.6303684673597703
3.625,-0.6238795325112867
3.63,-0.6183466071555
3.6350000000000002,-0.6137688662411019
3.64,-0.6101408772474128
3.645,-0.6074526274220263
3.65,-0.6056895692998219
3.6550000000000002,-0.604832684322218
3.66,-0.6048585643040578
3.665,-0.6057395104250322
3.67,-0.6074436493533393
3.6750000000000003,-0.6099350660416081
3.68,-0.6131739526692783
3.685,-0.6171167731418465
3.69,-0.6217164424959551
3.6950000000000003,-0.6269225205004167
3.7,-0.6326814186872053
3.705,-0.6389366199933917
3.71,-0.6456289101451755
3.715,-0.6526966198688072
3.72,-0.6600758769703863
3.725,-0.6677008672875467
3.73,-0.6755041034810025
3.735,-0.6834167006028923
3.74,-0.6913686573521206
3.745,-0.6992891419043946
3.75,-0.7071067811865468
3.755,-0.714749952451108
3.7600000000000002,-0.7221470759979801
3.765,-0.7292269078854904
3.77,-0.7359188314731083
3.775,-0.7421531466426675
3.7800000000000002,-0.747861355554093
3.785,-0.7529764438052272
3.79,-0.757433155883491
3.795,-0.7611682638195827
3.8000000000000003,-0.764120827980215
3.805,-0.7662324489678854
3.81,-0.7674475096307372
3.815,-0.7677134062245552
3.8200000000000003,-0.7669807678117333
3.825,-0.765203663028433
3.83,-0.7623397934009759
3.835,-0.7583506724455666
3.84,-0.7532017898415215
3.845,-0.746862760027049
3.85,-0.7393074546280927
3.855,-0.7305141181945047
3.86,-0.7204654667836803
3.865,-0.7091487689994513
3.87,-0.696555909163262
3.875,-0.6826834323650905
3.88,-0.6675325712131596
3.8850000000000002,-0.6511092541735997
3.89,-0.6334240954638983
3.895,-0.6144923665367403
3.9,-0.5943339492634941
3.9050000000000002,-0.5729732709987789
3.91,-0.5504392217790361
3.915,-0.5267650539785318
3.92,-0.5019882648154607
3.9250000000000003,-0.47615046216838963
3.93,-0.449297214229278
3.935,-0.42147788358293636
3.94,-0.3927454463643335
3.9450000000000003,-0.3631562972040172
3.95,-0.332770040727972
3.955,-0.3016492704312828
3.96,-0.26985933579481836
3.9650000000000003,-0.23746809856056494
3.97,-0.20454567912391758
3.975,-0.17116419404033117
3.98,-0.13739748567877008
3.985,-0.10332084508536248
3.99,-0.06901072914742025
3.995,-0.03454447317061361
4.0,-1.0776891832496708e-15
4.005,0.03454447317061146
4.01,0.0690107291474181
4.015,0.10332084508535647
4.0200000000000005,0.1373974856787718
4.025,0.17116419404032907
4.03,0.2045456791239193
4.035,0.2374680985605666
4.04,0.26985933579481636
4.045,0.3016492704312808
4.05,0.33277004072797006
4.055,0.3631562972040153
4.0600000000000005,0.3927454463643316
4.065,0.42147788358293775
4.07,0.4492972142292794
4.075,0.4761504621683911
4.08,0.501988264815459
4.085,0.5267650539785302
4.09,0.5504392217790346
4.095,0.5729732709987776
4.1,0.5943339492634905
4.105,0.6144923665367391
4.11,0.6334240954638992
4.115,0.6511092541736005
4.12,0.6675325712131586
4.125,0.6826834323650897
4.13,0.6965559091632612
4.135,0.7091487689994506
4.14,0.7204654667836784
4.1450000000000005,0.7305141181945053
4.15,0.7393074546280931
4.155,0.7468627600270485
4.16,0.7532017898415212
4.165,0.7583506724455664
4.17,0.7623397934009758
4.175,0.765203663028433
4.18,0.7669807678117332
4.1850000000000005,0.7677134062245553
4.19,0.7674475096307372
4.195,0.7662324489678856
4.2,0.7641208279802152
4.205,0.761168263819583
4.21,0.7574331558834914
4.215,0.7529764438052274
4.22,0.7478613555540935
4.225,0.7421531466426686
4.23,0.7359188314731081
4.235,0.7292269078854909
4.24,0.7221470759979797
4.245,0.7147499524511086
4.25,0.7071067811865474
4.255,0.6992891419043951
4.26,0.691368657352121
4.265,0.6834167006028928
4.2700000000000005,0.6755041034810022
4.275,0.6677008672875464
4.28,0.6600758769703859
4.285,0.6526966198688077
4.29,0.645628910145176
4.295,0.6389366199933921
4.3,0.6326814186872057
4.305,0.6269225205004171
4.3100000000000005,0.6217164424959549
4.315,0.6171167731418468
4.32,0.6131739526692781
4.325,0.6099350660416081
4.33,0.6074436493533393
4.335,0.6057395104250322
4.34,0.6048585643040578
4.345,0.604832684322218
4.3500000000000005,0.6056895692998219
4.355,0.6074526274220264
4.36,0.610140877247413
4.365,0.6137688662411022
4.37,0.6183466071554997
4.375,0.6238795325112865
4.38,0.6303684673597698
4.385,0.6378096204355235
4.39,0.6461945937356177
4.3950000000000005,0.6555104104889562
4.4,0.6657395614066084
4.405,0.6768600690318549
4.41,0.6888455699371366
4.415,0.701665414444639
4.42,0.7152847834780258
4.425,0.7296648220851906
4.43,0.7447627891060097
4.4350000000000005,0.7605322223953439
4.44,0.7769231189500827
4.445,0.7938821292301665
4.45,0.8113527649073962
4.455,0.8292756192228579
4.46,0.8475885990839634
4.465,0.8662271679856569
4.47,0.8851245987976745
4.4750000000000005,0.9042122354206448
4.48,0.9234197622788171
4.485,0.9426754805862534
4.49,0.9619065902964399
4.495,0.9810394766228671
4.5,0.9999999999999993
4.505,1.0187137883404527
4.51,1.037106530435022
4.515,1.0551042693376853
4.5200000000000005,1.072633694577729
4.525,1.089622432045612
4.53,1.105999330408484
4.535,1.121694742924701
4.54,1.1366408035449913
4.545,1.150771696210256
4.55,1.1640239162828785
4.555,1.1763365230793803
4.5600000000000005,1.1876513825072954
4.565,1.1979133988481898
4.57,1.2070707347714842
4.575,1.215075018710161
4.58,1.2218815387792357
4.585,1.227449422470957
4.59,1.231741801416749
4.595,1.2347259605648053
4.6000000000000005,1.2363734711836998
4.605,1.2366603071661346
4.61,1.2355669441728319
4.615,1.2330784412242106
4.62,1.229184504416733
4.625,1.2238795325112868
4.63,1.217162644212463
4.635,1.2090376870297896
4.64,1.1995132276846268
4.6450000000000005,1.188602524099204
4.65,1.1763234790769137
4.655,1.1626985758551693
4.66,1.1477547957836693
4.665,1.1315235184513512
4.67,1.1140404046545482
4.675,1.0953452626665776
4.68,1.0754818983347545
4.6850000000000005,1.054497949594693
4.69,1.0324447060531665
4.695,1.0093769143496298
4.7,0.9853525700626903
4.705,0.9604326969807891
4.71,0.9346811146062062
4.715,0.9081641948078545
4.72,0.8809506085811942
4.7250000000000005,0.8531110639125121
4.73,0.8247180357799149
4.735,0.7958454893543276
4.74,0.7665685974907019
4.745,0.7369634536219838
4.75,0.7071067811865503
4.755,0.6770756407335217
4.76,0.6469471358594007
4.765,0.6167981191340576
4.7700000000000005,0.5867048991741922
4.775,0.556742950017698
4.78,0.5269866239432869
4.785,0.49750886886618234
4.79,0.46838095142246267
4.795,0.4396721868321877
4.8,0.4114496766047323
4.805,0.38377805511867447
4.8100000000000005,0.35671924607352234
4.815,0.33033222977170834
4.82,0.3046728221462586
4.825,0.2797934664034649
4.83,0.25574303809976856
4.835,0.232566664419249
4.84,0.21030555836191128
4.845,0.18899686849409864
4.8500000000000005,0.16867354485100033
4.855,0.14936422151732448
4.86,0.13109311634646592
4.865,0.11387994821076447
4.87,0.0977398721062992
4.875,0.08268343236509074
4.88,0.06871653415619672
4.885,0.055840433384914734
4.89,0.04405174502668635
4.8950000000000005,0.03334246985955985
4.9,0.023700039486400648
4.905,0.015107379465828463
4.91,0.007542990299423735
4.915,0.0009810459522138215
4.92,-0.0046084904857494335
4.925,-0.009259734456578322
4.93,-0.013010731436193995
4.9350000000000005,-0.015903292869911212
4.94,-0.017982817192882
4.945,-0.019298096645197327
4.95,-0.019901110647511072
4.955,-0.019846806556116342
4.96,-0.01919286866621034
4.965,-0.01799947637847661
4.97,-0.016329052486889303
4.9750000000000005,-0.014246002584639178
4.98,-0.011816446620142806
4.985,-0.009107943666074626
4.99,-0.006189210991163062
4.995,-0.003129838546973268
5.0,-1.2246467991473535e-16
5.005,0.003129838546973022
5.01,0.006189210991162826
5.015,0.009107943666074411
5.0200000000000005,0.011816446620143195
5.025,0.014246002584639261
5.03,0.016329052486889137
5.035,0.017999476378476487
5.04,0.019192868666210255
5.045,0.019846806556116314
5.05,0.0199011106475111
5.055,0.019298096645197382
5.0600000000000005,0.017982817192881972
5.065,0.015903292869910796
5.07,0.013010731436194217
5.075,0.0092597344565786
5.08,0.004608490485749822
5.085,-0.0009810459522133774
5.09,-0.00754299029942318
5.095,-0.01510737946582874
5.1000000000000005,-0.023700039486402036
5.105,-0.03334246985956135
5.11,-0.04405174502668424
5.115,-0.05584043338491379
5.12,-0.06871653415619716
5.125,-0.08268343236508796
5.13,-0.09773987210629803
5.135,-0.11387994821076503
5.14,-0.13109311634646253
5.1450000000000005,-0.1493642215173273
5.15,-0.16867354485100333
5.155,-0.18899686849409703
5.16,-0.2103055583619095
5.165,-0.23256666441924972
5.17,-0.25574303809976395
5.175,-0.2797934664034629
5.18,-0.30467282214625935
5.1850000000000005,-0.33033222977170906
5.19,-0.35671924607352623
5.195,-0.38377805511866914
5.2,-0.4114496766047301
5.205,-0.43967218683218534
5.21,-0.4683809514224636
5.215,-0.49750886886618007
5.22,-0.5269866239432843
5.2250000000000005,-0.556742950017699
5.23,-0.5867048991741965
5.235,-0.6167981191340586
5.24,-0.6469471358593948
5.245,-0.6770756407335192
5.25,-0.707106781186548
5.255,-0.736963453621978
5.26,-0.7665685974906996
5.265,-0.7958454893543254
5.2700000000000005,-0.8247180357799158
5.275,-0.8531110639125163
5.28,-0.8809506085811952
5.285,-0.9081641948078494
5.29,-0.9346811146062042
5.295,-0.96043269698079
5.3,-0.9853525700626856
5.305,-1.0093769143496278
5.3100000000000005,-1.0324447060531672
5.315,-1.0544979495946938
5.32,-1.075481898334753
5.325,-1.0953452626665783
5.33,-1.1140404046545467
5.335,-1.13152351845135
5.34,-1.1477547957836698
5.345,-1.1626985758551667
5.3500000000000005,-1.1763234790769155
5.355,-1.1886025240992044
5.36,-1.1995132276846263
5.365,-1.209037687029789
5.37,-1.2171626442124617
5.375,-1.2238795325112863
5.38,-1.2291845044167329
5.385,-1.23307844122421
5.39,-1.2355669441728319
5.3950000000000005,-1.2366603071661346
5.4,-1.2363734711836998
5.405,-1.2347259605648055
5.41,-1.2317418014167487
5.415,-1.2274494224709578
5.42,-1.221881538779236
5.425,-1.2150750187101609
5.43,-1.2070707347714857
5.4350000000000005,-1.1979133988481885
5.44,-1.1876513825072936
5.445,-1.1763365230793814
5.45,-1.1640239162828794
5.455,-1.1507716962102557
5.46,-1.136640803544994
5.465,-1.1216947429247024
5.47,-1.1059993304084836
5.4750000000000005,-1.0896224320456116
5.48,-1.0726336945777264
5.485,-1.0551042693376889
5.49,-1.0371065304350233
5.495,-1.0187137883404542
5.5,-1.0000000000000029
5.505,-0.9810394766228685
5.51,-0.9619065902964413
5.515,-0.9426754805862527
5.5200000000000005,-0.9234197622788143
5.525,-0.9042122354206419
5.53,-0.8851245987976781
5.535,-0.8662271679856584
5.54,-0.8475885990839628
5.545,-0.8292756192228613
5.55,-0.8113527649073976
5.555,-0.7938821292301679
5.5600000000000005,-0.776923118950082
5.565,-0.7605322223953415
5.57,-0.744762789106009
5.575,-0.7296648220851935
5.58,-0.7152847834780269
5.585,-0.7016654144446386
5.59,-0.6888455699371391
5.595,-0.6768600690318558
5.6000000000000005,-0.665739561406608
5.605,-0.655510410488956
5.61,-0.6461945937356184
5.615,-0.6378096204355231
5.62,-0.6303684673597705
5.625,-0.6238795325112869
5.63,-0.6183466071554995
5.635,-0.6137688662411025
5.64,-0.6101408772474133
5.6450000000000005,-0.6074526274220264
5.65,-0.6056895692998219
5.655,-0.6048326843222179
5.66,-0.6048585643040577
5.665,-0.605739510425032
5.67,-0.6074436493533392
5.675,-0.6099350660416074
5.68,-0.6131739526692778
5.6850000000000005,-0.6171167731418474
5.69,-0.6217164424959551
5.695,-0.6269225205004166
5.7,-0.632681418687206
5.705,-0.6389366199933909
5.71,-0.6456289101451753
5.715,-0.6526966198688079
5.72,-0.6600758769703845
5.7250000000000005,-0.6677008672875474
5.73,-0.6755041034810043
5.735,-0.6834167006028922
5.74,-0.6913686573521205
5.745,-0.6992891419043954
5.75,-0.7071067811865468
5.755,-0.7147499524511081
5.76,-0.72214707599798
5.765,-0.7292269078854896
5.7700000000000005,-0.735918831473109
5.775,-0.7421531466426674
5.78,-0.7478613555540929
5.785,-0.7529764438052271
5.79,-0.7574331558834906
5.795,-0.7611682638195828
5.8,-0.764120827980215
5.805,-0.7662324489678856
5.8100000000000005,-0.7674475096307373
5.815,-0.7677134062245552
5.82,-0.7669807678117335
5.825,-0.7652036630284331
5.83,-0.7623397934009757
5.835,-0.7583506724455673
5.84,-0.7532017898415218
5.845,-0.7468627600270491
5.8500000000000005,-0.7393074546280928
5.855,-0.7305141181945038
5.86,-0.7204654667836781
5.865,-0.7091487689994529
5.87,-0.6965559091632623
5.875,-0.6826834323650892
5.88,-0.6675325712131616
5.885,-0.6511092541736019
5.89,-0.6334240954638986
5.8950000000000005,-0.6144923665367384
5.9,-0.594333949263492
5.905,-0.5729732709987817
5.91,-0.5504392217790364
5.915,-0.5267650539785321
5.92,-0.5019882648154582
5.925,-0.4761504621683931
5.93,-0.4492972142292815
5.9350000000000005,-0.4214778835829367
5.94,-0.39274544636433056
5.945,-0.36315629720401427
5.95,-0.33277004072797595
5.955,-0.30164927043128326
5.96,-0.26985933579481886
5.965,-0.23746809856057283
5.97,-0.20454567912392185
5.9750000000000005,-0.17116419404032407
5.98,-0.13739748567877064
5.985,-0.10332084508535913
5.99,-0.0690107291474169
5.995,-0.03454447317061806
6.0,-1.616533774874506e-15
6.005,0.03454447317061482
6.01,0.06901072914741369
6.015000000000001,0.10332084508536366
6.0200000000000005,0.13739748567877513
6.025,0.17116419404032854
6.03,0.20454567912391874
6.035,0.23746809856056977
6.04,0.2698593357948159
6.045,0.3016492704312803
6.05,0.3327700407279731
6.055,0.36315629720401155
6.0600000000000005,0.3927454463643345
6.065,0.42147788358293414
6.07,0.44929721422927893
6.075,0.47615046216839063
6.08,0.5019882648154558
6.085,0.5267650539785298
6.09,0.5504392217790343
6.095,0.5729732709987797
6.1000000000000005,0.5943339492634949
6.105,0.614492366536741
6.11,0.6334240954638969
6.115,0.6511092541736003
6.12,0.6675325712131601
6.125,0.6826834323650879
6.13,0.6965559091632609
6.135,0.7091487689994518
6.140000000000001,0.7204654667836794
6.1450000000000005,0.7305141181945052
6.15,0.7393074546280939
6.155,0.7468627600270485
6.16,0.7532017898415211
6.165,0.7583506724455669
6.17,0.7623397934009752
6.175,0.7652036630284329
6.18,0.7669807678117333
6.1850000000000005,0.7677134062245552
6.19,0.7674475096307372
6.195,0.7662324489678856
6.2,0.7641208279802152
6.205,0.7611682638195829
6.21,0.7574331558834908
6.215,0.7529764438052275
6.22,0.7478613555540935
6.2250000000000005,0.7421531466426681
6.23,0.735918831473108
6.235,0.7292269078854902
6.24,0.7221470759979807
6.245,0.7147499524511087
6.25,0.7071067811865476
6.255,0.6992891419043962
6.26,0.6913686573521212
6.265000000000001,0.683416700602891
6.2700000000000005,0.6755041034810032
6.275,0.6677008672875465
6.28,0.6600758769703853
6.285,0.6526966198688087
6.29,0.645628910145176
6.295,0.6389366199933915
6.3,0.6326814186872065
6.305,0.6269225205004171
6.3100000000000005,0.6217164424959556
6.315,0.6171167731418469
6.32,0.6131739526692781
6.325,0.6099350660416077
6.33,0.6074436493533393
6.335,0.6057395104250323
6.34,0.6048585643040577
6.345,0.6048326843222179
6.3500000000000005,0.6056895692998219
6.355,0.6074526274220261
6.36,0.6101408772474128
6.365,0.613768866241102
6.37,0.618346607155499
6.375,0.6238795325112862
6.38,0.6303684673597698
6.385,0.6378096204355224
6.390000000000001,0.6461945937356195
6.3950000000000005,0.6555104104889572
6.4,0.665739561406607
6.405,0.6768600690318547
6.41,0.6888455699371379
6.415,0.7016654144446375
6.42,0.7152847834780256
6.425,0.7296648220851921
6.43,0.7447627891060076
6.4350000000000005,0.7605322223953437
6.44,0.7769231189500843
6.445,0.7938821292301662
6.45,0.8113527649073959
6.455,0.8292756192228595
6.46,0.847588599083961
6.465,0.8662271679856567
6.47,0.8851245987976764
6.4750000000000005,0.9042122354206443
6.48,0.9234197622788168
6.485,0.9426754805862508
6.49,0.9619065902964394
6.495,0.9810394766228668
6.5,1.000000000000001
6.505,1.0187137883404525
6.51,1.0371065304350218
6.515000000000001,1.0551042693376873
6.5200000000000005,1.0726336945777288
6.525,1.0896224320456136
6.53,1.105999330408482
6.535,1.1216947429247008
6.54,1.1366408035449926
6.545,1.1507716962102543
6.55,1.1640239162828783
6.555,1.17633652307938
6.5600000000000005,1.1876513825072952
6.565,1.1979133988481896
6.57,1.207070734771485
6.575,1.2150750187101602
6.58,1.2218815387792354
6.585,1.2274494224709573
6.59,1.2317418014167485
6.595,1.2347259605648053
6.6000000000000005,1.2363734711836996
6.605,1.2366603071661346
6.61,1.235566944172832
6.615,1.2330784412242104
6.62,1.229184504416733
6.625,1.2238795325112868
6.63,1.2171626442124623
6.635,1.2090376870297899
6.640000000000001,1.1995132276846248
6.6450000000000005,1.1886025240992055
6.65,1.1763234790769137
6.655,1.162698575855168
6.66,1.1477547957836713
6.665,1.1315235184513515
6.67,1.1140404046545485
6.675,1.0953452626665803
6.68,1.0754818983347547
6.6850000000000005,1.0544979495946907
6.69,1.0324447060531694
6.695,1.00937691434963
6.7,0.985352570062688
6.705,0.9604326969807924
6.71,0.9346811146062066
6.715,0.9081641948078519
6.72,0.8809506085811978
6.7250000000000005,0.8531110639125127
6.73,0.824718035779912
6.735,0.7958454893543281
6.74,0.7665685974907023
6.745,0.7369634536219808
6.75,0.7071067811865509
6.755,0.6770756407335221
6.76,0.6469471358593977
6.765000000000001,0.6167981191340547
6.7700000000000005,0.5867048991741927
6.775,0.5567429500177019
6.78,0.5269866239432872
6.785,0.49750886886618284
6.79,0.4683809514224665
6.795,0.439672186832188
6.8,0.41144967660473264
6.805,0.3837780551186717
6.8100000000000005,0.3567192460735228
6.815,0.33033222977170573
6.82,0.3046728221462618
6.825,0.27979346640346525
6.83,0.25574303809976623
6.835,0.2325666644192519
6.84,0.21030555836191162
6.845,0.1889968684940989
6.8500000000000005,0.16867354485100067
6.855,0.14936422151732476
6.86,0.1310931163464642
6.865,0.11387994821076658
6.87,0.09773987210629947
6.875,0.0826834323650893
6.88,0.06871653415619838
6.885,0.0558404333849149
6.890000000000001,0.04405174502668524
6.8950000000000005,0.03334246985956002
6.9,0.023700039486400815
6.905,0.015107379465829462
6.91,0.007542990299423846
6.915,0.000981045952213877
6.92,-0.004608490485749933
6.925,-0.009259734456578239
6.93,-0.013010731436193912
6.9350000000000005,-0.01590329286991088
6.94,-0.017982817192881972
6.945,-0.019298096645197438
6.95,-0.019901110647511044
6.955,-0.019846806556116314
6.96,-0.01919286866621034
6.965,-0.017999476378476778
6.97,-0.016329052486889317
6.9750000000000005,-0.014246002584638956
6.98,-0.01181644662014314
6.985,-0.009107943666074668
6.99,-0.0061892109911627635
6.995,-0.0031298385469736636
7.0,-1.7145055188062937e-16
7.005,0.0031298385469733236
7.01,0.006189210991162437
7.015000000000001,0.009107943666075001
7.0200000000000005,0.011816446620143445
7.025,0.01424600258463922
7.03,0.01632905248688911
7.035,0.01799947637847664
7.04,0.019192868666210255
7.045,0.019846806556116314
7.05,0.019901110647511072
7.055,0.01929809664519752
7.0600000000000005,0.017982817192881806
7.065,0.015903292869911156
7.07,0.0130107314361943
7.075,0.009259734456578683
7.08,0.004608490485750433
7.085,-0.0009810459522132664
7.09,-0.007542990299423125
7.095,-0.01510737946582863
7.1000000000000005,-0.023700039486401925
7.105,-0.03334246985956124
7.11,-0.044051745026684075
7.115,-0.055840433384913624
7.12,-0.068716534156197
7.125,-0.0826834323650878
7.13,-0.09773987210629781
7.135,-0.11387994821076486
7.140000000000001,-0.1310931163464663
7.1450000000000005,-0.14936422151732703
7.15,-0.16867354485100305
7.155,-0.18899686849409675
7.16,-0.21030555836190917
7.165,-0.23256666441924934
7.17,-0.25574303809976356
7.175,-0.27979346640346253
7.18,-0.3046728221462589
7.1850000000000005,-0.33033222977170873
7.19,-0.3567192460735258
7.195,-0.3837780551186687
7.2,-0.41144967660472953
7.205,-0.43967218683218495
7.21,-0.4683809514224632
7.215,-0.4975088688661795
7.22,-0.526986623943284
7.2250000000000005,-0.5567429500176986
7.23,-0.5867048991741961
7.235,-0.6167981191340581
7.24,-0.6469471358593943
7.245,-0.6770756407335188
7.25,-0.7071067811865476
7.255,-0.7369634536219777
7.26,-0.7665685974906992
7.265000000000001,-0.7958454893543315
7.2700000000000005,-0.8247180357799154
7.275,-0.853111063912516
7.28,-0.8809506085811948
7.285,-0.9081641948078489
7.29,-0.9346811146062037
7.295,-0.9604326969807897
7.3,-0.9853525700626853
7.305,-1.0093769143496276
7.3100000000000005,-1.032444706053167
7.315,-1.0544979495946933
7.32,-1.0754818983347525
7.325,-1.095345262666578
7.33,-1.1140404046545465
7.335,-1.1315235184513497
7.34,-1.1477547957836696
7.345,-1.1626985758551664
7.3500000000000005,-1.1763234790769155
7.355,-1.1886025240992042
7.36,-1.1995132276846259
7.365,-1.209037687029789
7.37,-1.2171626442124617
7.375,-1.2238795325112861
7.38,-1.2291845044167327
7.385,-1.23307844122421
7.390000000000001,-1.235566944172832
7.3950000000000005,-1.2366603071661348
7.4,-1.2363734711836996
7.405,-1.2347259605648055
7.41,-1.2317418014167487
7.415,-1.2274494224709578
7.42,-1.221881538779236
7.425,-1.215075018710161
7.43,-1.207070734771486
7.4350000000000005,-1.1979133988481885
7.44,-1.187651382507294
7.445,-1.1763365230793814
7.45,-1.1640239162828798
7.455,-1.1507716962102559
7.46,-1.1366408035449942
7.465,-1.1216947429247026
7.47,-1.1059993304084839
7.4750000000000005,-1.0896224320456116
7.48,-1.0726336945777266
7.485,-1.055104269337689
7.49,-1.0371065304350235
7.495,-1.0187137883404545
7.5,-1.0000000000000033
7.505,-0.9810394766228688
7.51,-0.9619065902964417
7.515000000000001,-0.942675480586253
7.5200000000000005,-0.9234197622788145
7.525,-0.9042122354206421
7.53,-0.8851245987976784
7.535,-0.8662271679856586
7.54,-0.847588599083963
7.545,-0.8292756192228616
7.55,-0.8113527649073978
7.555,-0.7938821292301681
7.5600000000000005,-0.7769231189500823
7.565,-0.7605322223953417
7.57,-0.7447627891060093
7.575,-0.7296648220851936
7.58,-0.7152847834780272
7.585,-0.7016654144446388
7.59,-0.6888455699371393
7.595,-0.676860069031856
7.6000000000000005,-0.6657395614066082
7.605,-0.6555104104889562
7.61,-0.6461945937356185
7.615,-0.6378096204355233
7.62,-0.6303684673597705
7.625,-0.6238795325112869
7.63,-0.6183466071554996
7.635,-0.6137688662411025
7.640000000000001,-0.6101408772474125
7.6450000000000005,-0.6074526274220264
7.65,-0.6056895692998219
7.655,-0.604832684322218
7.66,-0.6048585643040577
7.665,-0.605739510425032
7.67,-0.607443649353339
7.675,-0.6099350660416074
7.68,-0.6131739526692778
7.6850000000000005,-0.6171167731418473
7.69,-0.621716442495955
7.695,-0.6269225205004165
7.7,-0.6326814186872057
7.705,-0.6389366199933908
7.71,-0.6456289101451753
7.715,-0.6526966198688078
7.72,-0.6600758769703843
7.7250000000000005,-0.6677008672875474
7.73,-0.6755041034810041
7.735,-0.683416700602892
7.74,-0.6913686573521203
7.745,-0.6992891419043953
7.75,-0.7071067811865466
7.755,-0.7147499524511078
7.76,-0.7221470759979798
7.765000000000001,-0.729226907885491
7.7700000000000005,-0.7359188314731089
7.775,-0.7421531466426674
7.78,-0.7478613555540929
7.785,-0.7529764438052271
7.79,-0.7574331558834904
7.795,-0.7611682638195827
7.8,-0.764120827980215
7.805000000000001,-0.7662324489678854
7.8100000000000005,-0.7674475096307372
7.815,-0.7677134062245552
7.82,-0.7669807678117335
7.825,-0.7652036630284332
7.83,-0.7623397934009758
7.835,-0.7583506724455673
7.84,-0.7532017898415218
7.845,-0.7468627600270492
7.8500000000000005,-0.7393074546280929
7.855,-0.7305141181945041
7.86,-0.7204654667836783
7.865,-0.7091487689994531
7.87,-0.6965559091632625
7.875,-0.6826834323650894
7.88,-0.6675325712131619
7.885,-0.6511092541736022
7.890000000000001,-0.633424095463899
7.8950000000000005,-0.6144923665367388
7.9,-0.5943339492634925
7.905,-0.572973270998782
7.91,-0.5504392217790368
7.915,-0.5267650539785325
7.92,-0.5019882648154586
7.925,-0.4761504621683935
7.930000000000001,-0.4492972142292757
7.9350000000000005,-0.4214778835829372
7.94,-0.39274544636433106
7.945,-0.36315629720401477
7.95,-0.33277004072797645
7.955,-0.30164927043128376
7.96,-0.26985933579481935
7.965,-0.23746809856057333
7.97,-0.2045456791239224
7.9750000000000005,-0.17116419404032462
7.98,-0.13739748567877116
7.985,-0.10332084508535966
7.99,-0.06901072914741743
7.995,-0.034544473170618595
8.0,-2.1553783664993416e-15
8.005,0.03454447317061429
8.01,0.06901072914741314
8.015,0.10332084508536313
8.02,0.13739748567876692
8.025,0.171164194040328
8.03,0.20454567912391075
8.035,0.23746809856056925
8.040000000000001,0.26985933579482263
8.045,0.30164927043127987
8.05,0.3327700407279726
8.055,0.36315629720401105
8.06,0.392745446364334
8.065,0.4214778835829337
8.07,0.4492972142292785
8.075,0.4761504621683843
8.08,0.5019882648154553
8.085,0.5267650539785349
8.09,0.5504392217790339
8.095,0.5729732709987794
8.1,0.5943339492634898
8.105,0.6144923665367408
8.11,0.6334240954638966
8.115,0.6511092541736001
8.120000000000001,0.6675325712131599
8.125,0.6826834323650877
8.13,0.6965559091632638
8.135,0.7091487689994516
8.14,0.7204654667836793
8.145,0.7305141181945028
8.15,0.7393074546280938
8.155,0.7468627600270468
8.16,0.753201789841521
8.165000000000001,0.7583506724455668
8.17,0.7623397934009752
8.175,0.7652036630284333
8.18,0.7669807678117333
8.185,0.7677134062245552
8.19,0.7674475096307374
8.195,0.7662324489678857
8.2,0.7641208279802159
8.205,0.7611682638195831
8.21,0.7574331558834908
8.215,0.7529764438052277
8.22,0.7478613555540924
8.225,0.7421531466426681
8.23,0.7359188314731082
8.235,0.7292269078854918
8.24,0.7221470759979807
8.245000000000001,0.7147499524511071
8.25,0.7071067811865476
8.255,0.6992891419043945
8.26,0.6913686573521213
8.265,0.6834167006028912
8.27,0.6755041034810052
8.275,0.6677008672875466
8.28,0.660075876970387
8.285,0.6526966198688087
8.290000000000001,0.6456289101451747
8.295,0.6389366199933917
8.3,0.6326814186872052
8.305,0.6269225205004172
8.31,0.6217164424959556
8.315,0.617116773141848
8.32,0.6131739526692782
8.325,0.6099350660416084
8.33,0.6074436493533393
8.335,0.6057395104250319
8.34,0.6048585643040577
8.345,0.604832684322218
8.35,0.6056895692998217
8.355,0.6074526274220261
8.36,0.6101408772474122
8.365,0.613768866241102
8.370000000000001,0.6183466071555002
8.375,0.6238795325112862
8.38,0.6303684673597711
8.385,0.6378096204355224
8.39,0.6461945937356195
8.395,0.6555104104889549
8.4,0.6657395614066067
8.405,0.6768600690318519
8.41,0.6888455699371376
8.415000000000001,0.7016654144446401
8.42,0.7152847834780254
8.425,0.7296648220851952
8.43,0.7447627891060074
8.435,0.7605322223953433
8.44,0.7769231189500803
8.445,0.793882129230166
8.45,0.8113527649073916
8.455,0.8292756192228593
8.46,0.8475885990839649
8.465,0.8662271679856564
8.47,0.885124598797676
8.475,0.9042122354206398
8.48,0.9234197622788165
8.485,0.9426754805862505
8.49,0.9619065902964392
8.495000000000001,0.9810394766228708
8.5,1.0000000000000009
8.505,1.0187137883404564
8.51,1.0371065304350213
8.515,1.0551042693376869
8.52,1.0726336945777246
8.525,1.0896224320456134
8.53,1.1059993304084816
8.535,1.1216947429247008
8.540000000000001,1.1366408035449957
8.545,1.150771696210254
8.55,1.164023916282881
8.555,1.1763365230793799
8.56,1.187651382507295
8.565,1.1979133988481874
8.57,1.2070707347714849
8.575000000000001,1.2150750187101618
8.58,1.2218815387792354
8.585,1.2274494224709573
8.59,1.2317418014167483
8.595,1.2347259605648058
8.6,1.2363734711836996
8.605,1.2366603071661346
8.61,1.2355669441728323
8.615,1.2330784412242104
8.620000000000001,1.2291845044167322
8.625,1.223879532511287
8.63,1.2171626442124626
8.635,1.20903768702979
8.64,1.199513227684625
8.645,1.1886025240992057
8.65,1.1763234790769141
8.655,1.1626985758551716
8.66,1.1477547957836716
8.665000000000001,1.131523518451348
8.67,1.1140404046545487
8.675,1.095345262666576
8.68,1.0754818983347552
8.685,1.0544979495946911
8.69,1.0324447060531696
8.695,1.0093769143496305
8.700000000000001,0.9853525700626883
8.705,0.9604326969807928
8.71,0.9346811146062011
8.715,0.9081641948078523
8.72,0.880950608581192
8.725,0.8531110639125195
8.73,0.8247180357799124
8.735,0.7958454893543351
8.74,0.7665685974907028
8.745000000000001,0.7369634536219813
8.75,0.7071067811865512
8.755,0.6770756407335158
8.76,0.6469471358593981
8.765,0.616798119134055
8.77,0.5867048991741999
8.775,0.5567429500177022
8.78,0.5269866239432943
8.785,0.4975088688661832
8.790000000000001,0.46838095142246033
8.795,0.4396721868321885
8.8,0.4114496766047268
8.805,0.38377805511867213
8.81,0.3567192460735231
8.815,0.33033222977171195
8.82,0.30467282214626223
8.825000000000001,0.27979346640346003
8.83,0.2557430380997666
8.835,0.23256666441924706
8.84,0.21030555836191195
8.845,0.18899686849409458
8.85,0.16867354485100544
8.855,0.14936422151732515
8.86,0.13109311634646847
8.865,0.11387994821076691
8.870000000000001,0.09773987210629614
8.875,0.08268343236508957
8.88,0.06871653415619561
8.885,0.05584043338491518
8.89,0.04405174502668546
8.895,0.03334246985956246
8.9,0.02370003948640098
8.905,0.015107379465829629
8.91,0.007542990299424013
8.915000000000001,0.0009810459522126003
8.92,-0.004608490485749822
8.925,-0.0092597344565791
8.93,-0.013010731436193856
8.935,-0.015903292869910823
8.94,-0.017982817192881584
8.945,-0.01929809664519741
8.950000000000001,-0.0199011106475111
8.955,-0.01984680655611637
8.96,-0.019192868666210144
8.965,-0.017999476378476806
8.97,-0.016329052486888915
8.975,-0.014246002584639497
8.98,-0.011816446620143181
8.985,-0.009107943666075355
8.99,-0.006189210991162812
8.995000000000001,-0.0031298385469730114
9.0,-2.2043642384652358e-16
9.005,0.0031298385469732785
9.01,0.006189210991162389
9.015,0.009107943666074952
9.02,0.01181644662014282
9.025,0.014246002584639192
9.03,0.01632905248688865
9.035,0.017999476378476598
9.040000000000001,0.01919286866621045
9.045,0.019846806556116287
9.05,0.019901110647511044
9.055,0.01929809664519755
9.06,0.017982817192881834
9.065,0.015903292869911184
9.07,0.013010731436194356
9.075000000000001,0.009259734456577795
9.08,0.004608490485750544
9.085,-0.0009810459522144876
9.09,-0.007542990299422958
9.095,-0.015107379465828463
9.1,-0.023700039486399704
9.105,-0.03334246985956102
9.11,-0.04405174502668385
9.115,-0.0558404333849134
9.120000000000001,-0.06871653415619677
9.125,-0.08268343236508752
9.13,-0.09773987210630103
9.135,-0.11387994821076453
9.14,-0.13109311634646598
9.145,-0.14936422151732248
9.15,-0.16867354485100267
9.155,-0.18899686849409164
9.16,-0.2103055583619089
9.165000000000001,-0.23256666441924906
9.17,-0.2557430380997632
9.175,-0.27979346640346775
9.18,-0.3046728221462587
9.185,-0.3303322297717084
9.19,-0.35671924607351935
9.195,-0.38377805511866836
9.200000000000001,-0.4114496766047355
9.205,-0.43967218683218445
9.21,-0.4683809514224627
9.215,-0.4975088688661792
9.22,-0.5269866239432902
9.225,-0.5567429500176981
9.23,-0.5867048991741957
9.235,-0.6167981191340509
9.24,-0.6469471358593938
9.245000000000001,-0.6770756407335251
9.25,-0.707106781186547
9.255,-0.7369634536219839
9.26,-0.7665685974906986
9.265,-0.7958454893543312
9.27,-0.8247180357799084
9.275,-0.8531110639125155
9.28,-0.8809506085811882
9.285,-0.9081641948078486
9.290000000000001,-0.9346811146062093
9.295,-0.9604326969807893
9.3,-0.9853525700626903
9.305,-1.0093769143496272
9.31,-1.0324447060531665
9.315,-1.0544979495946882
9.32,-1.0754818983347523
9.325000000000001,-1.0953452626665778
9.33,-1.1140404046545462
9.335,-1.1315235184513532
9.34,-1.1477547957836693
9.345,-1.1626985758551696
9.35,-1.1763234790769121
9.355,-1.188602524099204
9.36,-1.1995132276846234
9.365,-1.2090376870297888
9.370000000000001,-1.217162644212463
9.375,-1.2238795325112861
9.38,-1.2291845044167338
9.385,-1.23307844122421
9.39,-1.2355669441728323
9.395,-1.2366603071661346
9.4,-1.2363734711836996
9.405,-1.2347259605648062
9.41,-1.231741801416749
9.415000000000001,-1.2274494224709567
9.42,-1.221881538779236
9.425,-1.2150750187101593
9.43,-1.207070734771486
9.435,-1.1979133988481887
9.44,-1.1876513825072965
9.445,-1.1763365230793816
9.450000000000001,-1.164023916282877
9.455,-1.150771696210256
9.46,-1.136640803544991
9.465,-1.1216947429247028
9.47,-1.105999330408484
9.475,-1.0896224320456158
9.48,-1.072633694577727
9.485,-1.0551042693376893
9.49,-1.037106530435024
9.495000000000001,-1.0187137883404507
9.5,-1.0000000000000036
9.505,-0.9810394766228648
9.51,-0.9619065902964419
9.515,-0.9426754805862533
9.52,-0.9234197622788192
9.525,-0.9042122354206424
9.53,-0.8851245987976787
9.535,-0.866227167985659
9.540000000000001,-0.8475885990839592
9.545,-0.8292756192228619
9.55,-0.811352764907394
9.555,-0.7938821292301683
9.56,-0.7769231189500825
9.565,-0.7605322223953456
9.57,-0.7447627891060095
9.575000000000001,-0.7296648220851905
9.58,-0.7152847834780273
9.585,-0.701665414444639
9.59,-0.6888455699371394
9.595,-0.6768600690318536
9.6,-0.6657395614066084
9.605,-0.6555104104889562
9.61,-0.6461945937356207
9.615,-0.6378096204355235
9.620000000000001,-0.630368467359769
9.625,-0.6238795325112871
9.63,-0.6183466071554997
9.635,-0.6137688662411027
9.64,-0.6101408772474126
9.645,-0.6074526274220264
9.65,-0.6056895692998219
9.655,-0.604832684322218
9.66,-0.6048585643040577
9.665000000000001,-0.6057395104250324
9.67,-0.607443649353339
9.675,-0.609935066041608
9.68,-0.6131739526692777
9.685,-0.6171167731418472
9.69,-0.6217164424959549
9.695,-0.6269225205004164
9.700000000000001,-0.6326814186872056
9.705,-0.6389366199933906
9.71,-0.6456289101451766
9.715,-0.6526966198688076
9.72,-0.6600758769703859
9.725,-0.6677008672875455
9.73,-0.6755041034810041
9.735,-0.6834167006028901
9.74,-0.6913686573521202
9.745000000000001,-0.6992891419043952
9.75,-0.7071067811865464
9.755,-0.7147499524511094
9.76,-0.7221470759979798
9.765,-0.7292269078854908
9.77,-0.7359188314731073
9.775,-0.7421531466426672
9.78,-0.7478613555540916
9.785,-0.7529764438052269
9.790000000000001,-0.7574331558834912
9.795,-0.7611682638195827
9.8,-0.7641208279802154
9.805,-0.7662324489678854
9.81,-0.7674475096307372
9.815,-0.7677134062245552
9.82,-0.7669807678117335
9.825000000000001,-0.7652036630284327
9.83,-0.7623397934009759
9.835,-0.7583506724455664
9.84,-0.7532017898415218
9.845,-0.7468627600270477
9.85,-0.7393074546280949
9.855,-0.7305141181945042
9.86,-0.7204654667836807
9.865,-0.7091487689994532
9.870000000000001,-0.6965559091632596
9.875,-0.6826834323650897
9.88,-0.6675325712131585
9.885,-0.6511092541736025
9.89,-0.6334240954638992
9.895,-0.6144923665367434
9.9,-0.5943339492634927
9.905,-0.5729732709987825
9.91,-0.5504392217790371
9.915000000000001,-0.5267650539785274
9.92,-0.501988264815459
9.925,-0.47615046216838797
9.93,-0.44929721422928237
9.935,-0.42147788358293764
9.94,-0.3927454463643381
9.945,-0.3631562972040152
9.950000000000001,-0.33277004072796995
9.955,-0.3016492704312842
9.96,-0.2698593357948126
9.965,-0.23746809856057383
9.97,-0.2045456791239154
9.975,-0.17116419404033273
9.98,-0.13739748567877166
9.985,-0.10332084508536793
9.99,-0.06901072914741796
9.995000000000001,-0.03454447317061132
10.0,-2.6942229581241772e-15
